ticket_id,type,organization,comment,photo,photo_after,coords,address,subdistrict,district,province,timestamp,state,star,count_reopen,last_activity,response_time,YEAR,MONTH,_id,PROV_ID,PROV_T,MinRain,MaxRain,AvgRain
2021-FYJTFP,{ความสะอาด},เขตบางซื่อ,ขยะเยอะ,https://storage.googleapis.com/traffy_public_bucket/attachment/2021-09/3063e748259afbb7171467e19b92e9cc1f1a5826.jpg,,"100.53084,13.81865",12/14 ถนน กรุงเทพ- นนทบุรี แขวง บางซื่อ เขตบางซื่อ กรุงเทพมหานคร 10800 ประเทศไทย,,,กรุงเทพมหานคร,2021-09-03 12:51:09.453003+00:00,เสร็จสิ้น,,0,2022-06-04 15:34:14.609206+00:00,274 days 02:43:05.156203,2021,9,3389.0,10.0,กรุงเทพมหานคร,228.0800018,500.2000122,357.7794502
2021-CGPMUN,"{น้ำท่วม,ร้องเรียน}","เขตประเวศ,ฝ่ายโยธา เขตประเวศ",น้ำท่วมเวลาฝนตกและทะลุเข้าบ้านเดือดร้อนมากทุกๆปีจะมีเครื่องสูบน้ำแต่ปีนี้ไม่มีกทม.ปล่อยทิ้ง ชุมชนเคหะนคร1แปลง2(ซ.เฉลิมพระเกียรติร.9ซอง22 วัดตะกล่ำ ประเวศ),https://storage.googleapis.com/traffy_public_bucket/attachment/2021-09/41ef2b1b465b708db17363a6d5fd8c5336266df7.jpg,https://storage.googleapis.com/traffy_public_bucket/attachment/2022-06/b562e36f971f02221bd0f32b7272eb1ea516cacf.jpg,"100.66709,13.67891",189 เฉลิมพระเกียรติ ร.9 แขวง หนองบอน เขต ประเวศ กรุงเทพมหานคร 10250 ประเทศไทย,หนองบอน,ประเวศ,กรุงเทพมหานคร,2021-09-19 14:56:08.924992+00:00,เสร็จสิ้น,4.0,0,2022-06-21 08:21:09.532782+00:00,274 days 17:25:00.607790,2021,9,3389.0,10.0,กรุงเทพมหานคร,228.0800018,500.2000122,357.7794502
2021-7XATFA,{สะพาน},เขตสาทร,"สะพานลอยปรับปรุงไม่เสร็จตามกำหนด
ปากซอย สาทร12",https://storage.googleapis.com/traffy_public_bucket/attachment/2021-09/b0b738c84fb0d0b0bfd5c5ac004492eb6fde19c3.jpg,,"100.52649,13.72060",191/1 ถนน สาทรเหนือ แขวง สีลม เขตบางรัก กรุงเทพมหานคร 10500 ประเทศไทย,ยานนาวา,สาทร,กรุงเทพมหานคร,2021-09-26 05:03:52.594898+00:00,เสร็จสิ้น,,0,2022-06-06 01:17:12.272904+00:00,252 days 20:13:19.678006,2021,9,3389.0,10.0,กรุงเทพมหานคร,228.0800018,500.2000122,357.7794502
2021-9U2NJT,{น้ำท่วม},"เขตบางซื่อ,ฝ่ายโยธา เขตบางซื่อ",น้ำท่วม,https://storage.googleapis.com/traffy_public_bucket/attachment/2021-10/5a36fa060eb2a750e3ff47cdd30307f4639f445e.jpg,https://storage.googleapis.com/traffy_public_bucket/attachment/2022-09/7739f2143dfff32905f68fbf7b11537e1a7b447d.jpg,"100.53099,13.81853",12/14 ถนน กรุงเทพ- นนทบุรี แขวง บางซื่อ เขตบางซื่อ กรุงเทพมหานคร 10800 ประเทศไทย,,,กรุงเทพมหานคร,2021-10-14 10:45:27.713884+00:00,เสร็จสิ้น,,0,2022-09-08 08:35:43.784519+00:00,328 days 21:50:16.070635,2021,10,3466.0,10.0,กรุงเทพมหานคร,151.5599976,326.9100037,221.3111841
2021-DVEWYM,"{น้ำท่วม,ถนน}","เขตลาดพร้าว,ฝ่ายโยธา เขตลาดพร้าว","ซอยลาดพร้าววังหิน 75 ถนนลาดพร้าววังหิน แขวงลาดพร้าว เขตลาดพร้าว

1. หลังจากฝนตกต่อเนื่องประมาณ 30 นาที น้ำท่วมซอยสูงประมาณ 20 ซม ใช้เวลาระบายราวๆ 3-5 ชม. กว่าน้ำในซอยแห้ง
หากฝนตกนานกว่า 1 ชม  ใช้เวลา 2-3 วัน กว่าน้ำในซอยแห้ง
หากนานกว่านั้น ต้นซอยน้ำแห้ง ปลายซอยน้ำเน่า",https://storage.googleapis.com/traffy_public_bucket/attachment/2021-12/6b71a10f77a724a6151180eb5eb5bb0fc1500ce9.jpg,,"100.59165,13.82280",702 ถ. ลาดพร้าววังหิน แขวงลาดพร้าว เขตลาดพร้าว กรุงเทพมหานคร 10230 ประเทศไทย,ลาดพร้าว,ลาดพร้าว,กรุงเทพมหานคร,2021-12-09 12:29:08.408763+00:00,เสร็จสิ้น,5.0,0,2022-08-12 07:18:44.884945+00:00,245 days 18:49:36.476182,2021,12,3620.0,10.0,กรุงเทพมหานคร,0.0,2.299999952,0.581520244
2021-4D9Y98,{},"เขตลาดพร้าว,การไฟฟ้านครหลวง เขตนวลจันทร์",หน้าปากซอย ลาดพร้าววังหิน26,https://storage.googleapis.com/traffy_public_bucket/attachment/2021-12/ca219e4d42d3d86d8cdd013b044b705ebf8ce26b.jpg,https://storage.googleapis.com/traffy_public_bucket/attachment/2023-03/1678795752004.jpeg,"100.59131,13.80910",17/73 17/73 ถ. ลาดพร้าววังหิน แขวงลาดพร้าว เขตลาดพร้าว กรุงเทพมหานคร 10230 ประเทศไทย,ลาดพร้าว,ลาดพร้าว,กรุงเทพมหานคร,2021-12-13 05:53:36.861064+00:00,เสร็จสิ้น,,0,2023-03-14 12:09:14.947437+00:00,456 days 06:15:38.086373,2021,12,3620.0,10.0,กรุงเทพมหานคร,0.0,2.299999952,0.581520244
2021-7U9RED,{},เขตดุสิต,ยังไม่มีหน่วยงานไหนมาดูแลครับ รถจะเชี่ยวหลายคนแล้ว,https://storage.googleapis.com/traffy_public_bucket/attachment/2021-12/c80ce84f11864604665b35f1a118619f9e601245.jpg,https://storage.googleapis.com/traffy_public_bucket/attachment/2023-05/1684303856521.jpeg,"100.50848,13.77832",627 ถนนสามเสน แขวง ดุสิต เขตดุสิต กรุงเทพมหานคร 10300 ประเทศไทย,ดุสิต,ดุสิต,กรุงเทพมหานคร,2021-12-17 08:46:02.610983+00:00,เสร็จสิ้น,5.0,0,2023-05-17 06:11:32.463984+00:00,515 days 21:25:29.853001,2021,12,3620.0,10.0,กรุงเทพมหานคร,0.0,2.299999952,0.581520244
2021-8N9ZP8,{ความสะอาด},"เขตประเวศ,ฝ่ายเทศกิจ เขตประเวศ,ฝ่ายรักษาความสะอาดฯ เขตประเวศ",คนเอาขยะมาทิ้งจนกลายเป็นกองขยะค่ะ,https://storage.googleapis.com/traffy_public_bucket/attachment/2021-12/58ea35fdc7b20088e2fa2c318253f803081202c3.jpg,https://storage.googleapis.com/traffy_public_bucket/attachment/2022-06/c41f745b0d07f83da5720936cb164a290e42e2a4.jpg,"100.64690,13.67083",110 ซอย มีสุข แขวง หนองบอน เขต ประเวศ กรุงเทพมหานคร 10250 ประเทศไทย,หนองบอน,ประเวศ,กรุงเทพมหานคร,2021-12-18 14:50:52.437512+00:00,เสร็จสิ้น,2.0,0,2024-11-26 04:17:39.760344+00:00,1073 days 13:26:47.322832,2021,12,3620.0,10.0,กรุงเทพมหานคร,0.0,2.299999952,0.581520244
2021-7K6QA3,{},"เขตประเวศ,ฝ่ายเทศกิจ เขตประเวศ",ระยะหลังๆ นี้ พบเจอรถสิบล้อขนดิน ใส่ยางบังโคลนยื่นออกจากตัวรถมากๆ จนดูน่าหวาดเสียวบนท้องถนนครับ อันนี้ไม่ทราบว่าเป็นข้อกำหนดให้รถบรรทุกต้องปฏิบัติตามหรือไม่อย่างไรครับ,https://storage.googleapis.com/traffy_public_bucket/attachment/2021-12/4f591d59e56f7912b03059c9671208634c7f9c8f.jpg,https://storage.googleapis.com/traffy_public_bucket/attachment/2022-06/a10962f6b0d959682a0968833e9a112bd85337bc.jpg,"100.65617,13.72812",208/22 ถ. พัฒนาการ แขวง ประเวศ เขต ประเวศ กรุงเทพมหานคร 10250 ประเทศไทย,ประเวศ,ประเวศ,กรุงเทพมหานคร,2021-12-21 23:03:58.450912+00:00,เสร็จสิ้น,2.0,0,2022-06-24 06:32:34.671236+00:00,184 days 07:28:36.220324,2021,12,3620.0,10.0,กรุงเทพมหานคร,0.0,2.299999952,0.581520244
2021-8BTWZB,{ท่อระบายน้ำ},"เขตประเวศ,ฝ่ายโยธา เขตประเวศ",ขอแจ้งเรื่องท่อระบายน้ำบนถนนในซอยเสียหาย เป็นรูจากการลอกท่อค่ะ,https://storage.googleapis.com/traffy_public_bucket/attachment/2021-12/199ab68aa08d2eb84bccb005a357356b96bdd3b2.jpg,https://storage.googleapis.com/traffy_public_bucket/attachment/2022-06/628bbe924933296948f3d441c00a1915cbc92b8d.jpg,"100.65440,13.68158",70 ซอย เฉลิมพระเกียรติ ร. 9 แขวง หนองบอน เขต ประเวศ กรุงเทพมหานคร 10250 ประเทศไทย,หนองบอน,ประเวศ,กรุงเทพมหานคร,2021-12-22 10:15:33.294829+00:00,เสร็จสิ้น,5.0,0,2022-06-20 13:12:04.994440+00:00,180 days 02:56:31.699611,2021,12,3620.0,10.0,กรุงเทพมหานคร,0.0,2.299999952,0.581520244
2021-AKJBCU,{},"เขตประเวศ,ฝ่ายโยธา เขตประเวศ",แจ้งเรื่องพื้นผิวถนนเสียหาย มีการพยายามซ่อมแซม แต่กลับเละกว่าเดิมค่ะ,https://storage.googleapis.com/traffy_public_bucket/attachment/2021-12/f3d8e89d9ce6f1203f83dfd8896d69bbd55e9a09.jpg,https://storage.googleapis.com/traffy_public_bucket/attachment/2022-09/d930e00f463c002f74be0bfcfc3951d4c455877b.jpg,"100.64844,13.68735",55 ถนน ศรีนครินทร์ แขวง หนองบอน เขต ประเวศ กรุงเทพมหานคร 10250 ประเทศไทย,หนองบอน,ประเวศ,กรุงเทพมหานคร,2021-12-23 10:26:48.868250+00:00,เสร็จสิ้น,,0,2022-09-28 08:35:36.703421+00:00,278 days 22:08:47.835171,2021,12,3620.0,10.0,กรุงเทพมหานคร,0.0,2.299999952,0.581520244
2021-EQWYWT,{ความสะอาด},"เขตประเวศ,สำนักสิ่งแวดล้อม กทม.,ฝ่ายสิ่งแวดล้อมฯ เขตประเวศ",ปัญหากลิ่นขยะจากโรงขยะ 800 ตัน อ่อนนุช 86 ครับ,https://storage.googleapis.com/traffy_public_bucket/attachment/2021-12/a1fba0d90348d351fc2da6db59edcc5acab50a11.jpg,https://storage.googleapis.com/traffy_public_bucket/attachment/2022-06/acaedb2c088bda5cbf7cc716465915bb9fda706f.jpg,"100.68837,13.71887",22/1 ซอย อ่อนนุช 86 แยก 2 แขวง ประเวศ เขต ประเวศ กรุงเทพมหานคร 10250 ประเทศไทย,ประเวศ,ประเวศ,กรุงเทพมหานคร,2021-12-28 03:59:06.003252+00:00,เสร็จสิ้น,4.0,0,2022-07-12 06:50:02.315260+00:00,196 days 02:50:56.312008,2021,12,3620.0,10.0,กรุงเทพมหานคร,0.0,2.299999952,0.581520244
2022-7ZTKJV,"{ถนน,ทางเท้า}","เขตสาทร,ฝ่ายโยธา เขตสาทร",บริเวณนราธิวาส  แยกถนนจันทน์ ใกล้สวนสาธารณะช่องนนทรี ทางเท้าเน่ามาก,https://storage.googleapis.com/traffy_public_bucket/attachment/2022-01/9e1cf05ad9f0cfa9145355000931f50d7ee8cc6c.jpg,https://storage.googleapis.com/traffy_public_bucket/attachment/2022-06/5b202760405fb683e805c7f4e1301c15b588d2ff.jpg,"100.53764,13.70716",แยกจันทน์-นราธิวาส ถนน จันทน์ แขวง ทุ่งมหาเมฆ เขต สาทร กรุงเทพมหานคร 10120 ประเทศไทย,ทุ่งมหาเมฆ,สาทร,กรุงเทพมหานคร,2022-01-02 10:53:25.580723+00:00,เสร็จสิ้น,,0,2022-06-08 05:46:12.776594+00:00,156 days 18:52:47.195871,2022,1,3697.0,10.0,กรุงเทพมหานคร,16.47999954,43.79000092,29.58753247
2022-E24G76,{},"เขตสาทร,ฝ่ายเทศกิจ เขตสาทร",มอเตอร์ไซด์จอดบนทางเท้าเป็นประจำ ฝั่งตรงข้ามตลาดเซนต์หลุยส์ จนเกิดเป็นภาพชินตา เป็นปกติ,https://storage.googleapis.com/traffy_public_bucket/attachment/2022-01/ee8c7fc30399f88c63c339cb5d750187949a2656.jpg,https://storage.googleapis.com/traffy_public_bucket/attachment/2022-06/d5ed644612302016177a31c5b507f01a413468b0.jpg,"100.52674,13.70950",184 ซอย จันทน์ 18/7 แขวง ทุ่งวัดดอน เขต สาทร กรุงเทพมหานคร 10120 ประเทศไทย,ทุ่งวัดดอน,สาทร,กรุงเทพมหานคร,2022-01-14 01:17:23.873811+00:00,เสร็จสิ้น,,0,2022-06-22 08:06:08.170048+00:00,159 days 06:48:44.296237,2022,1,3697.0,10.0,กรุงเทพมหานคร,16.47999954,43.79000092,29.58753247
2022-C37YCA,{},"เขตสาทร,ฝ่ายเทศกิจ เขตสาทร",มอเตอร์ไซด์จอดบนถนน ลดช่องจราจรทำให้การจราจรชะลอตัวจนถึงติดขัด,https://storage.googleapis.com/traffy_public_bucket/attachment/2022-01/f145ea0ed5999c70cb43058b5d982139e059437e.jpg,,"100.52678,13.70967",184 ซอย จันทน์ 18/7 แขวง ทุ่งวัดดอน เขต สาทร กรุงเทพมหานคร 10120 ประเทศไทย,ทุ่งวัดดอน,สาทร,กรุงเทพมหานคร,2022-01-14 01:18:57.194155+00:00,เสร็จสิ้น,,0,2022-06-22 08:10:20.715755+00:00,159 days 06:51:23.521600,2022,1,3697.0,10.0,กรุงเทพมหานคร,16.47999954,43.79000092,29.58753247
2022-HB7Z8A,"{ท่อระบายน้ำ,ทางเท้า}","เขตสาทร,สำนักการระบายน้ำ กทม.,ฝ่ายโยธา เขตสาทร,กองระบบท่อระบายน้ำ สำนักการระบายน้ำ",ทางเท้าช่วง จันทน์ 18/5 สภาพโอเค แต่ฝาท่อเก่าและสูงกว่าเท้า ทำให้ทางเท้าไม่เรียบ,https://storage.googleapis.com/traffy_public_bucket/attachment/2022-01/44ebb1e90b59f1f849cdebd2cc973b3f45f94888.jpg,,"100.53025,13.70566",1357/1-4 ซอย จันทน์ 23/2 แขวง ทุ่งวัดดอน เขต สาทร กรุงเทพมหานคร 10120 ประเทศไทย,ทุ่งวัดดอน,สาทร,กรุงเทพมหานคร,2022-01-14 01:32:03.715912+00:00,กำลังดำเนินการ,,0,2022-09-15 15:51:15.433811+00:00,244 days 14:19:11.717899,2022,1,3697.0,10.0,กรุงเทพมหานคร,16.47999954,43.79000092,29.58753247
2022-8EW3HK,{},"เขตประเวศ,สำนักสิ่งแวดล้อม กทม.",อยากให้สวนหลวง ร9 และ สวนสาธารณะอื่นๆ ใน กทม เปิดถึง 3 ทุ่ม พอจะเป็นไปได้ไหมครับ สวนหลวง ร9 ปิดทุ่มนึง เลิกงาน 5 โมง มาถึงสวนแป๊บเดียวสวนก็ปิดแล้ว ลงทุนไม่เยอะด้วย ใช้เป็น 1ในนโยบายหาเสียงได้เลยนะครับ,https://storage.googleapis.com/traffy_public_bucket/attachment/2022-01/e71dbcc8c60226b506141a6fcae1b91e1f639302.jpg,https://storage.googleapis.com/traffy_public_bucket/attachment/2022-06/14b2a3e429200e85a797d8035fa9ce89c91ac5fa.png,"100.65816,13.68814",444 ซอย หมู่บ้านเสรี แขวง หนองบอน เขต ประเวศ กรุงเทพมหานคร 10250 ประเทศไทย,หนองบอน,ประเวศ,กรุงเทพมหานคร,2022-01-15 12:52:39.805944+00:00,เสร็จสิ้น,,0,2022-06-20 07:12:17.332913+00:00,155 days 18:19:37.526969,2022,1,3697.0,10.0,กรุงเทพมหานคร,16.47999954,43.79000092,29.58753247
2022-8PL3NK,"{ถนน,สะพาน}","เขตสาทร,สำนักการจราจรและขนส่ง กรุงเทพมหานคร (สจส. กทม.)",ถนนจันทน์ช่วงสะพานสามถึงจันทน์ 18/5 น่าจะลาดยางใหม่เสร็จตั้งแต่ก่อนปีใหม่ แต่ไม่มีการตีเส้นถนน,https://storage.googleapis.com/traffy_public_bucket/attachment/2022-01/b36cfbba974e6cc31e9fd2fcec672ba3479d8a5e.jpg,https://storage.googleapis.com/traffy_public_bucket/attachment/2023-01/7046f14f58408d5fe784353ffe95da8ef7bc2068.jpg,"100.52970,13.70569",1357/1-4 ซอย จันทน์ 23/2 แขวง ทุ่งวัดดอน เขต สาทร กรุงเทพมหานคร 10120 ประเทศไทย,ทุ่งวัดดอน,สาทร,กรุงเทพมหานคร,2022-01-16 10:57:39.184772+00:00,เสร็จสิ้น,,0,2023-08-18 06:52:20.549786+00:00,578 days 19:54:41.365014,2022,1,3697.0,10.0,กรุงเทพมหานคร,16.47999954,43.79000092,29.58753247
2022-98YDNN,{},เขตสาทร,ปากซอย จันทน์ 18/4 จักรยานยนต์นิยมขึ้นมาจอดบนทางเท้า,https://storage.googleapis.com/traffy_public_bucket/attachment/2022-01/96cac5681c5f66947a8917d672a4acfebef9c769.jpg,https://storage.googleapis.com/traffy_public_bucket/attachment/2022-06/51a03d6f42c2b88571bade2146fb307cefc0d111.jpg,"100.52789,13.70611",3 ซอย จันทน์ 18/4 แขวง ทุ่งวัดดอน เขต สาทร กรุงเทพมหานคร 10120 ประเทศไทย,ทุ่งวัดดอน,สาทร,กรุงเทพมหานคร,2022-01-16 11:02:48.949248+00:00,เสร็จสิ้น,,0,2022-06-09 03:49:13.904316+00:00,143 days 16:46:24.955068,2022,1,3697.0,10.0,กรุงเทพมหานคร,16.47999954,43.79000092,29.58753247
2022-GNTHRA,{สะพาน},"เขตสาทร,ฝ่ายเทศกิจ เขตสาทร",ริมถนน ตรงสะพานสามช่วงจันทน์ 18/6-18/4 ชอบมีรถมาจอดซื้อของ ทั้งที่มีที่จอดรถเอกชนราคาถูกบริการอยู่แล้ว,https://storage.googleapis.com/traffy_public_bucket/attachment/2022-01/90d0bec1beb49da6f43d4de8e14b87a8d9104c7e.jpg,,"100.52760,13.70615",3 ซอย จันทน์ 18/4 แขวง ทุ่งวัดดอน เขต สาทร กรุงเทพมหานคร 10120 ประเทศไทย,ทุ่งวัดดอน,สาทร,กรุงเทพมหานคร,2022-01-16 11:08:54.141813+00:00,เสร็จสิ้น,,0,2022-06-23 08:06:52.928142+00:00,157 days 20:57:58.786329,2022,1,3697.0,10.0,กรุงเทพมหานคร,16.47999954,43.79000092,29.58753247
2022-9EHJW2,"{จราจร,สะพาน,ถนน}","เขตสาทร,สน.ยานนาวา,ฝ่ายเทศกิจ เขตสาทร",บริเวณสะพานสามถนนจันทน์ เป็นจุดเปลี่ยนถ่ายสองแถวหลายสายมากมาย ทำให้สองแถวชอบจอดรอผู้โดยสาร และผู้โดยสารที่ต้องเปลี่ยนสายสองแถวก็จะมารอตรงนี้เช่นกัน ทำให้รถติด แต่ก็จำเป็นสำหรับคนในย่านมาก ถ้ามีการพัฒนาพื้นที่เปลี่ยนถ่ายให้ดี ลดการรบกวนจราจรแต่ยังตอบสนองวิถีชีวิตเดิมได้จะดีมาก,https://storage.googleapis.com/traffy_public_bucket/attachment/2022-01/736dd24a6ad26b2a24c302ef2ccefe7429785dd9.jpg,,"100.52756,13.70611",3 ซอย จันทน์ 18/4 แขวง ทุ่งวัดดอน เขต สาทร กรุงเทพมหานคร 10120 ประเทศไทย,ทุ่งวัดดอน,สาทร,กรุงเทพมหานคร,2022-01-16 11:14:00.944767+00:00,เสร็จสิ้น,,0,2022-06-22 08:18:08.293672+00:00,156 days 21:04:07.348905,2022,1,3697.0,10.0,กรุงเทพมหานคร,16.47999954,43.79000092,29.58753247
2022-9WYEJE,{},"เขตสาทร,กลุ่มงานสัญญาณไฟจราจร สวจ.สจส. กทม.,สำนักการจราจรและขนส่ง กรุงเทพมหานคร (สจส. กทม.),สำนักงานวิศวกรรมจราจร สวจ.สจส. กทม.",ไฟคนข้ามถนนติดมาน่าจะเกินปีแจ่ไม่เคยเขียวเลยแดงตลอด แยกจันทน์สาธุ,https://storage.googleapis.com/traffy_public_bucket/attachment/2022-01/2497d7653dcf3cc66ff67b7adf7b04f04e5fda71.jpg,,"100.52870,13.70590",214 ถนนจันทน์ แขวง ทุ่งวัดดอน เขต สาทร กรุงเทพมหานคร 10120 ประเทศไทย,ทุ่งวัดดอน,สาทร,กรุงเทพมหานคร,2022-01-16 11:17:19.378093+00:00,กำลังดำเนินการ,,0,2023-02-15 06:33:23.446107+00:00,394 days 19:16:04.068014,2022,1,3697.0,10.0,กรุงเทพมหานคร,16.47999954,43.79000092,29.58753247
2022-BF7TYV,"{ถนน,ทางเท้า}",เขตสาทร,วินมอไซด์หน้าคอนโดฟิว ถนนจันทน์ จัดตั้งถูกต้อง อยู่บนทางเท้า ใช้ทางเท้าทั้งสองฝั่ง เช้าฝั่งหนึ่ง ตกบ่ายย้ายฝั่งหลบแดด,https://storage.googleapis.com/traffy_public_bucket/attachment/2022-01/9451d0dc4d01afea4dabd255dee82a25746f104b.jpg,https://storage.googleapis.com/traffy_public_bucket/attachment/2022-06/6614104d0f8bb8ca744f40874f8b78de5b0937dc.jpg,"100.53055,13.70561",1369 ถนนจันทน์ แขวง ทุ่งวัดดอน เขต สาทร กรุงเทพมหานคร 10120 ประเทศไทย,ทุ่งวัดดอน,สาทร,กรุงเทพมหานคร,2022-01-17 02:55:44.733889+00:00,เสร็จสิ้น,,0,2022-06-22 08:14:15.037827+00:00,156 days 05:18:30.303938,2022,1,3697.0,10.0,กรุงเทพมหานคร,16.47999954,43.79000092,29.58753247
2022-8TPW66,{ทางเท้า},"เขตสาทร,สำนักการโยธา กทม.,ฝ่ายโยธา เขตสาทร",ไม่มีทางลาดจากทางเท้าลงทางม้าลาย ใกล้ไปรษณีย์ยานนาวา,https://storage.googleapis.com/traffy_public_bucket/attachment/2022-01/f1feaaf970fa50afa2ba524bba68b809c6f43565.jpg,https://storage.googleapis.com/traffy_public_bucket/attachment/2022-09/d1c721d6ff37c41e073d0b5e3b7be1458bd85a02.jpg,"100.53103,13.70545",156 ถนนจันทน์ แขวง ทุ่งวัดดอน เขต สาทร กรุงเทพมหานคร 10120 ประเทศไทย,ทุ่งวัดดอน,สาทร,กรุงเทพมหานคร,2022-01-17 02:57:06.822237+00:00,เสร็จสิ้น,,0,2023-04-26 13:18:35.350136+00:00,464 days 10:21:28.527899,2022,1,3697.0,10.0,กรุงเทพมหานคร,16.47999954,43.79000092,29.58753247
2022-RMC3XE,{ความสะอาด},เขตสาทร,จุดทิ้งขยะตรงปากซอยจันทน์ 18 ติดป้ายรถเมล์ ไม่มีป้ายตั้งจุดทิ้งแต่ทิ้งประจำ บวกกับไม่เคยทำความสะอาด,https://storage.googleapis.com/traffy_public_bucket/attachment/2022-01/9bffd73f1b0fde9b531be847049a2c67350fe85b.jpg,https://storage.googleapis.com/traffy_public_bucket/attachment/2022-06/c914c51bfc3320a3de33deb43ca353de9f6e1428.jpg,"100.53183,13.70548",134 ซอย จันทน์ 18 แขวง ทุ่งวัดดอน เขต สาทร กรุงเทพมหานคร 10120 ประเทศไทย,ทุ่งวัดดอน,สาทร,กรุงเทพมหานคร,2022-01-17 02:59:54.752710+00:00,เสร็จสิ้น,,0,2022-06-05 11:41:34.651880+00:00,139 days 08:41:39.899170,2022,1,3697.0,10.0,กรุงเทพมหานคร,16.47999954,43.79000092,29.58753247
2022-9KMF88,{ทางเท้า},"เขตสาทร,ฝ่ายเทศกิจ เขตสาทร",ซอยจันทน์ 16 ซอยขนาด 4 เลนแต่เลนติดบ้านคนกลายเป็นที่จอดรถประจำ และไม่มีทางเท้า,https://storage.googleapis.com/traffy_public_bucket/attachment/2022-01/40e251dd1392ad72b00f8f8703770874bca528cd.jpg,,"100.53212,13.70578",14 ซ. จันทน์ 16 แขวง ทุ่งวัดดอน เขต สาทร กรุงเทพมหานคร 10120 ประเทศไทย,ทุ่งวัดดอน,สาทร,กรุงเทพมหานคร,2022-01-17 03:01:52.819295+00:00,เสร็จสิ้น,,0,2022-06-22 08:12:25.289345+00:00,156 days 05:10:32.470050,2022,1,3697.0,10.0,กรุงเทพมหานคร,16.47999954,43.79000092,29.58753247
2022-EVNC8T,{},"เขตสาทร,ฝ่ายเทศกิจ เขตสาทร",ซอยจันทน์ 16 มีป้ายห้ามจอดตั้งอยู่ด้วยแต่บังคับจริงไม่ได้,https://storage.googleapis.com/traffy_public_bucket/attachment/2022-01/789fe4b3fc87447f86f2040305dca8fbbc143798.jpg,,"100.53216,13.70566",14 ซ. จันทน์ 16 แขวง ทุ่งวัดดอน เขต สาทร กรุงเทพมหานคร 10120 ประเทศไทย,ทุ่งวัดดอน,สาทร,กรุงเทพมหานคร,2022-01-17 03:19:43.229481+00:00,เสร็จสิ้น,,0,2022-06-22 08:14:41.529943+00:00,156 days 04:54:58.300462,2022,1,3697.0,10.0,กรุงเทพมหานคร,16.47999954,43.79000092,29.58753247
2022-D9Z7ZE,{},"เขตยานนาวา,เขตสาทร,สำนักการจราจรและขนส่ง กรุงเทพมหานคร (สจส. กทม.),สำนักการโยธา กทม.,สำนักงานก่อสร้างและบูรณะ สำนักการโยธา (สกบ.สนย.) กทม.,ศูนย์ก่อสร้างและบูรณะถนน 2 ส่วนก่อสร้างและบูรณะ 1 สำนักงานก่อสร้างและบูรณะ (สกบ.สนย.)",ทางม้าลาย ไปชนเกาะกลางไม่มีทางเดิน แยกจันท สาธุ,https://storage.googleapis.com/traffy_public_bucket/attachment/2022-01/cb7943b19043de098b6768ebd7a94a041c6553fd.jpg,,"100.52878,13.70581",214 ถนนจันทน์ แขวง ทุ่งวัดดอน เขต สาทร กรุงเทพมหานคร 10120 ประเทศไทย,ทุ่งวัดดอน,สาทร,กรุงเทพมหานคร,2022-01-17 12:47:48.697983+00:00,กำลังดำเนินการ,,0,2024-02-02 10:51:45.865074+00:00,745 days 22:03:57.167091,2022,1,3697.0,10.0,กรุงเทพมหานคร,16.47999954,43.79000092,29.58753247
2022-G4Z2FF,{},เขตดุสิต,ตรงแยกวัดเบญ ที่จะเลี้ยวซ้ายไปสวนสัตว์ดุสิตเก่า สัญญาณไฟเขียวคนข้ามทางม้าลาย กับ ไฟเขียวให้เลี้ยวซ้าย  เปิดพร้อมกัน คือ ถ้ามีคนข้ามมา ถ้าเราไม่ชะลอ ก็ชนคนข้าม ส่วนรถคันหลังที่ไม่เห็นคนข้ามก็จะบีบแตรใส่คันของเรา เคยมีชาวต่างชาติข้ามมา เค้าตกใจว่า ไฟเขียวให้คนข้าม ทำไมมีรถเลี้ยวมาด้วย เคยแจ้งไปในเพจหน่วยงานที่เกี่ยวข้อง แต่ก็ไม่มีอะไรเปลี่ยนแปลง,https://storage.googleapis.com/traffy_public_bucket/attachment/2022-01/b97d96fc739b14bd3e6ff5326624435bda8c9ff8.jpg,,"100.51525,13.76652",แยกวัดเบญจฯ 69 ถ. ศรีอยุธยา แขวง ดุสิต เขตดุสิต กรุงเทพมหานคร 10300 ประเทศไทย,สวนจิตรลดา,ดุสิต,กรุงเทพมหานคร,2022-01-25 11:17:38.883821+00:00,เสร็จสิ้น,5.0,0,2022-06-01 04:12:59.848762+00:00,126 days 16:55:20.964941,2022,1,3697.0,10.0,กรุงเทพมหานคร,16.47999954,43.79000092,29.58753247
2022-39BTEG,{ถนน},"เขตลาดพร้าว,สำนักการจราจรและขนส่ง กรุงเทพมหานคร (สจส. กทม.),สำนักงานวิศวกรรมจราจร สวจ.สจส. กทม.,กลุ่มงานเครื่องหมายจราจร 1 สวจ.สจส. กทม.",ส่งรูปทางม้าลายไม่ชัดเจน และรถขายของเพิ่มเติม บริเวณตลาดทรัพย์นิมิตร,https://storage.googleapis.com/traffy_public_bucket/attachment/2022-01/ed3178867cac77a6b21ae99b8b326f8c836185e8.jpg,https://storage.googleapis.com/traffy_public_bucket/attachment/2023-05/1683103055237.jpeg,"100.61849,13.82484",129 ถ. สุคนธสวัสดิ์ แขวงลาดพร้าว เขตลาดพร้าว กรุงเทพมหานคร 10230 ประเทศไทย,ลาดพร้าว,ลาดพร้าว,กรุงเทพมหานคร,2022-01-26 13:32:37.177987+00:00,เสร็จสิ้น,,0,2024-11-13 06:06:16.579351+00:00,1021 days 16:33:39.401364,2022,1,3697.0,10.0,กรุงเทพมหานคร,16.47999954,43.79000092,29.58753247
2022-DMG79E,{ความสะอาด},เขตดุสิต,ขยะ,https://storage.googleapis.com/traffy_public_bucket/attachment/2022-01/4e72fb3b0add375d0c58ad4bbbcbd81c07d42495.jpg,https://storage.googleapis.com/traffy_public_bucket/attachment/2023-05/1684300565004.jpeg,"100.51523,13.75824",76 ถนน ลูกหลวง แขวง สี่แยกมหานาค เขตดุสิต กรุงเทพมหานคร 10300 ประเทศไทย,สวนจิตรลดา,ดุสิต,กรุงเทพมหานคร,2022-01-28 04:09:47.823237+00:00,เสร็จสิ้น,4.0,0,2023-05-17 05:16:34.660298+00:00,474 days 01:06:46.837061,2022,1,3697.0,10.0,กรุงเทพมหานคร,16.47999954,43.79000092,29.58753247
2022-E7JRF8,{},เขตดุสิต,ขอบคุณมากค่ะ,https://storage.googleapis.com/traffy_public_bucket/attachment/2022-01/12d0cb5d1b178236404456bc49d099ff95e55ea2.jpg,,"100.51815,13.78859",142 ซอย องครักษ์ 6 แขวง ถนนนครไชยศรี เขตดุสิต กรุงเทพมหานคร 10300 ประเทศไทย,ถนนนครไชยศรี,ดุสิต,กรุงเทพมหานคร,2022-01-29 10:54:11.873046+00:00,เสร็จสิ้น,,0,2023-05-17 05:04:03.042764+00:00,472 days 18:09:51.169718,2022,1,3697.0,10.0,กรุงเทพมหานคร,16.47999954,43.79000092,29.58753247
2022-E449PD,{ถนน},"เขตประเวศ,สำนักการจราจรและขนส่ง กรุงเทพมหานคร (สจส. กทม.),ฝ่ายโยธา เขตประเวศ",เส้นทางม้าลายไม่ชัด ตรงหน้าทางเข้าตลาดนัดรถไฟ ศรีนครินทร์ ข้างๆ ซีคอน,https://storage.googleapis.com/traffy_public_bucket/attachment/2022-01/70d39d3a8880924cc46039c166da9b98dc75dc27.jpg,,"100.64730,13.69141",13/131 ถนน ศรีนครินทร์ แขวง หนองบอน เขต ประเวศ กรุงเทพมหานคร 10250 ประเทศไทย,หนองบอน,ประเวศ,กรุงเทพมหานคร,2022-01-30 15:43:46.155790+00:00,เสร็จสิ้น,,0,2022-06-23 23:48:29.379950+00:00,144 days 08:04:43.224160,2022,1,3697.0,10.0,กรุงเทพมหานคร,16.47999954,43.79000092,29.58753247
2022-FNW2ER,{},"เขตสายไหม,ฝ่ายโยธา เขตสายไหม",พื้นชำรุดครับ,https://storage.googleapis.com/traffy_public_bucket/attachment/2022-02/431fb6687f045915baac7dfa2dbd15ae47be7e49.jpg,https://storage.googleapis.com/traffy_public_bucket/attachment/2022-06/c6bf40ecff5cd58172b37363f32b6a3b08fb1b63.jpg,"100.62674,13.92760",89 ซอย เขื่อนขันธ์ 2 แขวง สายไหม เขตสายไหม กรุงเทพมหานคร 10220 ประเทศไทย,สายไหม,สายไหม,กรุงเทพมหานคร,2022-02-01 11:02:29.400946+00:00,เสร็จสิ้น,,0,2023-07-12 03:09:21.489869+00:00,525 days 16:06:52.088923,2022,2,3774.0,10.0,กรุงเทพมหานคร,56.22000122,116.7900009,88.19543931
2022-62HXGH,{ถนน},"เขตสาทร,สำนักการจราจรและขนส่ง กรุงเทพมหานคร (สจส. กทม.)",เรื่องทางม้าลายหายไป บริเวณสี่แยกถนนจันทร์-เซนต์หลุยส์,https://storage.googleapis.com/traffy_public_bucket/attachment/2022-02/215741aea77e74cd10d3b3e71947e5e6bd7ecb4f.jpg,https://storage.googleapis.com/traffy_public_bucket/attachment/2023-02/aad8e445446dd060307214504cef198b779d3823.png,"100.52680,13.70629",1878 ซอย จันทน์ 18/8 แขวง ทุ่งวัดดอน เขต สาทร กรุงเทพมหานคร 10120 ประเทศไทย,ทุ่งวัดดอน,สาทร,กรุงเทพมหานคร,2022-02-01 18:11:20.963592+00:00,เสร็จสิ้น,1.0,0,2023-02-10 09:48:30.498845+00:00,373 days 15:37:09.535253,2022,2,3774.0,10.0,กรุงเทพมหานคร,56.22000122,116.7900009,88.19543931
2022-CGYXCQ,{},"กรมป้องกันและบรรเทาสาธารณภัย,ศูนย์อำนวยการบรรเทาสาธารณภัย ส่วนกลาง,เขตราชเทวี",สีเส้นไม่ชัดเจน #ทางม้าลาย,https://storage.googleapis.com/traffy_public_bucket/attachment/2022-02/259c597cf7a80501b9ce09b06a46319e03b03120.jpg,https://storage.googleapis.com/traffy_public_bucket/attachment/2022-02/86d42bf344147da372e2f11c8c0357cc1bdc019c.jpg,"100.54218,13.75541",90/5 ถนนราชปรารภ แขวง ถนนพญาไท เขตราชเทวี กรุงเทพมหานคร 10400 ประเทศไทย,ถนนพญาไท,ราชเทวี,กรุงเทพมหานคร,2022-02-03 09:25:56.799171+00:00,เสร็จสิ้น,,0,2024-03-05 11:50:46.435851+00:00,761 days 02:24:49.636680,2022,2,3774.0,10.0,กรุงเทพมหานคร,56.22000122,116.7900009,88.19543931
2022-7UDVXF,{},"กรมป้องกันและบรรเทาสาธารณภัย,ศูนย์อำนวยการบรรเทาสาธารณภัย ส่วนกลาง,เขตบางรัก",สีเส้นไม่ชัดเจน #ทางม้าลาย,https://storage.googleapis.com/traffy_public_bucket/attachment/2022-02/f40839cd190018869c2daf4376693f42fdf5faf7.jpg,https://storage.googleapis.com/traffy_public_bucket/attachment/2022-03/7bf243a7299f8fc82c37b66885194938b0e5aa10.jpg,"100.51875,13.71870",เลขที่ 160 ถ. สาทรเหนือ แขวง สีลม เขตบางรัก กรุงเทพมหานคร 10500 ประเทศไทย,สีลม,บางรัก,กรุงเทพมหานคร,2022-02-04 04:26:51.203566+00:00,เสร็จสิ้น,,0,2024-03-05 11:50:59.575234+00:00,760 days 07:24:08.371668,2022,2,3774.0,10.0,กรุงเทพมหานคร,56.22000122,116.7900009,88.19543931
2022-C9AX76,{แสงสว่าง},"กรมป้องกันและบรรเทาสาธารณภัย,ศูนย์อำนวยการบรรเทาสาธารณภัย ส่วนกลาง,เขตดุสิต",ไม่มีไฟส่องสว่าง #ทางม้าลาย,https://storage.googleapis.com/traffy_public_bucket/attachment/2022-02/d7a99270fd2d229a7088e2646f9ad3f58361d61a.jpg,,"100.50906,13.77239",12/1 ถนน อู่ทองนอก แขวง ดุสิต เขตดุสิต กรุงเทพมหานคร 10300 ประเทศไทย,ดุสิต,ดุสิต,กรุงเทพมหานคร,2022-02-04 04:57:37.136868+00:00,เสร็จสิ้น,,0,2024-03-05 11:51:11.518940+00:00,760 days 06:53:34.382072,2022,2,3774.0,10.0,กรุงเทพมหานคร,56.22000122,116.7900009,88.19543931
2022-Q2Z98G,{},"กรมป้องกันและบรรเทาสาธารณภัย,ศูนย์อำนวยการบรรเทาสาธารณภัย ส่วนกลาง,เขตบางรัก",ไม่มีไฟสัญญาณ #ทางม้าลาย,https://storage.googleapis.com/traffy_public_bucket/attachment/2022-02/070f9f7e12448f2fbcfe8e2520d14a73f970e0ef.jpg,,"100.52558,13.72543",แยกเดโช 703 ถนน สีลม แขวง สีลม เขตบางรัก กรุงเทพมหานคร 10500 ประเทศไทย,สี่พระยา,บางรัก,กรุงเทพมหานคร,2022-02-04 04:59:07.057648+00:00,เสร็จสิ้น,5.0,0,2024-03-05 11:51:23.438590+00:00,760 days 06:52:16.380942,2022,2,3774.0,10.0,กรุงเทพมหานคร,56.22000122,116.7900009,88.19543931
2022-DY7YCJ,{},"กรมป้องกันและบรรเทาสาธารณภัย,ศูนย์อำนวยการบรรเทาสาธารณภัย ส่วนกลาง,เขตจตุจักร",สีเส้นไม่ชัดเจน #ทางม้าลาย,https://storage.googleapis.com/traffy_public_bucket/attachment/2022-02/6b48649c88032e45d1c22f64f328aadc65df0541.jpg,,"100.54114,13.79787",101/74 กำแพงเพชร 1 แขวง จตุจักร เขตจตุจักร กรุงเทพมหานคร 10900 ประเทศไทย,จตุจักร,จตุจักร,กรุงเทพมหานคร,2022-02-04 05:35:55.239586+00:00,เสร็จสิ้น,5.0,0,2024-05-15 09:04:12.523726+00:00,831 days 03:28:17.284140,2022,2,3774.0,10.0,กรุงเทพมหานคร,56.22000122,116.7900009,88.19543931
2022-6E4E8D,{},"กรมป้องกันและบรรเทาสาธารณภัย,ศูนย์อำนวยการบรรเทาสาธารณภัย ส่วนกลาง,เขตบางแค",ไม่มีไฟสัญญาณ #ทางม้าลาย,https://storage.googleapis.com/traffy_public_bucket/attachment/2022-02/ae887a5fde2568e1985751af0c16f5b1ed5d226e.jpg,https://storage.googleapis.com/traffy_public_bucket/attachment/2022-02/556744b15f993f04a94201691fd5b97d590f0b70.jpg,"100.39562,13.74479",29 ถ. บางแวก แขวง บางไผ่ เขตบางแค กรุงเทพมหานคร 10160 ประเทศไทย,บางไผ่,บางแค,กรุงเทพมหานคร,2022-02-04 05:39:46.851721+00:00,เสร็จสิ้น,4.0,0,2024-03-05 11:51:47.265064+00:00,760 days 06:12:00.413343,2022,2,3774.0,10.0,กรุงเทพมหานคร,56.22000122,116.7900009,88.19543931
2022-GMVHXT,{น้ำท่วม},"เขตสาทร,สำนักการระบายน้ำ กทม.,กองระบบท่อระบายน้ำ สำนักการระบายน้ำ",ปัญหาน้ำท่วมในซอยสวนพลู 1,https://storage.googleapis.com/traffy_public_bucket/attachment/2022-02/ad51ef503293d69339e06e994defe64f232a4300.jpg,https://storage.googleapis.com/traffy_public_bucket/attachment/2022-11/b222778aed7b79b8f75e41fada80f4e2c6189ce9.jpg,"100.53882,13.71880",483 ถ. สวนพลู แขวง ทุ่งมหาเมฆ เขต สาทร กรุงเทพมหานคร 10120 ประเทศไทย,ทุ่งมหาเมฆ,สาทร,กรุงเทพมหานคร,2022-02-04 12:06:06.193756+00:00,เสร็จสิ้น,3.0,0,2022-11-13 05:55:26.387723+00:00,281 days 17:49:20.193967,2022,2,3774.0,10.0,กรุงเทพมหานคร,56.22000122,116.7900009,88.19543931
2022-A6Z6RM,{},เขตบางกอกน้อย,พื้นชำรุด,https://storage.googleapis.com/traffy_public_bucket/attachment/2022-02/3fa4e7371cce4b215cd1affc78e67d437c6e2717.jpg,https://storage.googleapis.com/traffy_public_bucket/attachment/2024-03/1709646119910.jpeg,"100.47038,13.76132",521 27 ซ.จรัญสนิทวงศ์ 37อำนวยผล4 แขวง บางขุนศรี เขตบางกอกน้อย กรุงเทพมหานคร 10700 ประเทศไทย,บางขุนศรี,บางกอกน้อย,กรุงเทพมหานคร,2022-02-05 03:47:34.705745+00:00,เสร็จสิ้น,,0,2024-03-05 13:42:01.802858+00:00,759 days 09:54:27.097113,2022,2,3774.0,10.0,กรุงเทพมหานคร,56.22000122,116.7900009,88.19543931
2022-843MF6,{กีดขวาง},"กรมป้องกันและบรรเทาสาธารณภัย,ศูนย์อำนวยการบรรเทาสาธารณภัย ส่วนกลาง,เขตดุสิต",รถไม่เคารพกฎจราจร #ทางม้าลาย,https://storage.googleapis.com/traffy_public_bucket/attachment/2022-02/c8afe8f5365a006e89720c416ddee9728890a5cd.jpg,,"100.52825,13.77597",1530/16 ถ. นครไชยศรี แขวง ถนนนครไชยศรี เขตดุสิต กรุงเทพมหานคร 10300 ประเทศไทย,ถนนนครไชยศรี,ดุสิต,กรุงเทพมหานคร,2022-02-06 06:23:30.371023+00:00,เสร็จสิ้น,4.0,0,2024-03-05 11:52:10.885458+00:00,758 days 05:28:40.514435,2022,2,3774.0,10.0,กรุงเทพมหานคร,56.22000122,116.7900009,88.19543931
2022-FX8UWF,{เสียงรบกวน},"เขตลาดพร้าว,ฝ่ายสิ่งแวดล้อมฯ เขตลาดพร้าว","เเจ้งเรื่อง เสียงดังรบกวน
ร้านวนิดา ขายของมือสอง ด้านหน้าทำเป็นร้านขายของ เเต่ด้านหลังร้านติดกับบ้านคน ทำกันเป็นโรงงาน อ๊อกเหล็ก เจียเหล็ก เสียงดังรบกวนกวนตั้งเเต่ 8 โมงเช้า จนถึง 5 โมงเย็นทุกวัน ตกกลางคืนเปิดกันขโมยเสียงดังลั่นตั้งเเต่ 2 ทุ่ม ถึง 8 โมงเช้า เป็นเวลา 4 ปี เเล้ว ในเขตบ้านพักอาศัยคน ชาวบ้านไม่ต้องหลับต้องนอน ไม่ได้รับการเเก้ไขใดๆทั้งสิ้น โทรไปสำนักงานเขต ก็ไม่รับผิดชอบใดๆ ไม่เคยส่งคนมาดู",https://storage.googleapis.com/traffy_public_bucket/attachment/2022-02/c37c62dc12445c8f4f2b909b63301d57e5e2b6e5.jpg,https://storage.googleapis.com/traffy_public_bucket/attachment/2022-12/1759bbab974bbc28be29583629b30b6ee4258f41.jpg,"100.59393,13.82443",1/173 หมู่ 10 ถนนโชคชัย 4 แขวงลาดพร้าว เขตลาดพร้าว กรุงเทพมหานคร 10230 แขวงลาดพร้าว เขตลาดพร้าว กรุงเทพมหานคร 10230 ประเทศไทย,ลาดพร้าว,ลาดพร้าว,กรุงเทพมหานคร,2022-02-07 00:15:45.797321+00:00,เสร็จสิ้น,,0,2022-12-01 09:39:56.224334+00:00,297 days 09:24:10.427013,2022,2,3774.0,10.0,กรุงเทพมหานคร,56.22000122,116.7900009,88.19543931
2022-3UFAJ3,{},"กรมป้องกันและบรรเทาสาธารณภัย,ศูนย์อำนวยการบรรเทาสาธารณภัย ส่วนกลาง,เขตคลองเตย",สีเส้นไม่ชัดเจน #ทางม้าลาย,https://storage.googleapis.com/traffy_public_bucket/attachment/2022-02/7dd21b9180f193bd462067ff0f6970372c1322ee.jpg,https://storage.googleapis.com/traffy_public_bucket/attachment/2022-02/06016b590014e19661f3cc93ce8ce491f621dac3.jpg,"100.56703,13.72428",43 สุขุมวิท 24 แขวง คลองตัน เขตคลองเตย กรุงเทพมหานคร 10110 ประเทศไทย,คลองตัน,คลองเตย,กรุงเทพมหานคร,2022-02-07 01:47:54.962678+00:00,เสร็จสิ้น,,0,2024-03-05 11:52:23.062574+00:00,757 days 10:04:28.099896,2022,2,3774.0,10.0,กรุงเทพมหานคร,56.22000122,116.7900009,88.19543931
2022-8NA9Y9,{กีดขวาง},"กรมป้องกันและบรรเทาสาธารณภัย,ศูนย์อำนวยการบรรเทาสาธารณภัย ส่วนกลาง,เขตลาดกระบัง",รถไม่เคารพกฎจราจร #ทางม้าลาย,https://storage.googleapis.com/traffy_public_bucket/attachment/2022-02/b54265ad7ab2d8938695161fd4bc18a128e0e8f8.jpg,,"100.72459,13.76496",ตรงข้ามบิ๊กซีสาขาเคหะร่มเกล้าร่มเกล้า ถ. เคหะร่มเกล้า แขวง คลองสองต้นนุ่น เขตลาดกระบัง กรุงเทพมหานคร 10520 ประเทศไทย,คลองสองต้นนุ่น,ลาดกระบัง,กรุงเทพมหานคร,2022-02-07 02:13:41.450665+00:00,เสร็จสิ้น,,0,2024-03-05 11:52:35.382155+00:00,757 days 09:38:53.931490,2022,2,3774.0,10.0,กรุงเทพมหานคร,56.22000122,116.7900009,88.19543931
2022-D7HGQJ,{},"กรมป้องกันและบรรเทาสาธารณภัย,ศูนย์อำนวยการบรรเทาสาธารณภัย ส่วนกลาง,เขตหลักสี่,กรมทางหลวง,สำนักการจราจรและขนส่ง กรุงเทพมหานคร (สจส. กทม.)",สีเส้นไม่ชัดเจน #ทางม้าลาย,https://storage.googleapis.com/traffy_public_bucket/attachment/2022-02/0f7b73aef67c61cc1ddec72f896257b0f29b6fab.jpg,,"100.55674,13.89437",88/8 Moo 1 H.AUTO TOWN CAR CENTER Chang Watthana Road Thung Song Hong Khet Lak Si Bangkok 10210 แขวง ทุ่งสองห้อง เขต หลักสี่ กรุงเทพมหานคร 10210 ประเทศไทย,ทุ่งสองห้อง,หลักสี่,กรุงเทพมหานคร,2022-02-07 05:02:26.036042+00:00,กำลังดำเนินการ,,0,2024-05-04 01:27:31.320216+00:00,816 days 20:25:05.284174,2022,2,3774.0,10.0,กรุงเทพมหานคร,56.22000122,116.7900009,88.19543931
2022-7HP3A3,{},"กรมป้องกันและบรรเทาสาธารณภัย,ศูนย์อำนวยการบรรเทาสาธารณภัย ส่วนกลาง,เขตบางกะปิ",ไม่มีเส้นชะลอความเร็ว #ทางม้าลาย,https://storage.googleapis.com/traffy_public_bucket/attachment/2022-02/1ef0fc3d3306a39f2a3fa66d3d8d19fc1c2b2c3c.jpg,https://storage.googleapis.com/traffy_public_bucket/attachment/2022-02/e1616fe72530fcd6c679595f0c7561acb699720f.jpg,"100.62035,13.75313",240 ซอย รามคำแหง 54 แขวง หัวหมาก เขตบางกะปิ กรุงเทพมหานคร 10240 ประเทศไทย,หัวหมาก,บางกะปิ,กรุงเทพมหานคร,2022-02-07 05:12:22.637252+00:00,เสร็จสิ้น,,0,2024-03-05 11:53:00.081091+00:00,757 days 06:40:37.443839,2022,2,3774.0,10.0,กรุงเทพมหานคร,56.22000122,116.7900009,88.19543931
2022-9PH3BZ,"{ทางเท้า,สายไฟ}","เขตประเวศ,ฝ่ายโยธา เขตประเวศ",1. ซ่อมสายไฟ กรีดขวางทางเท้า,https://storage.googleapis.com/traffy_public_bucket/attachment/2022-02/a512f4cca5a0f07e308bfa045ad6bef9ab1ff6df.jpg,https://storage.googleapis.com/traffy_public_bucket/attachment/2022-06/1cd7624cf4eec5b4aa17950fb2be4caec7be009a.jpg,"100.65286,13.71860",31/1 ถ. อ่อนนุช แขวง ประเวศ เขต ประเวศ กรุงเทพมหานคร 10250 ประเทศไทย,ประเวศ,ประเวศ,กรุงเทพมหานคร,2022-02-07 06:14:45.586614+00:00,เสร็จสิ้น,,0,2022-06-29 08:47:22.964827+00:00,142 days 02:32:37.378213,2022,2,3774.0,10.0,กรุงเทพมหานคร,56.22000122,116.7900009,88.19543931
2022-BRXJRY,{},"กรมป้องกันและบรรเทาสาธารณภัย,ศูนย์อำนวยการบรรเทาสาธารณภัย ส่วนกลาง,เขตบางกะปิ",ไม่มีไฟสัญญาณ #ทางม้าลาย,https://storage.googleapis.com/traffy_public_bucket/attachment/2022-02/fa71f30ebf41c4bb185b7ffb020081ff4e81b157.jpg,https://storage.googleapis.com/traffy_public_bucket/attachment/2022-02/d319c142f00bd5ae487a07908c61c9a96f2078d4.jpg,"100.62035,13.75313",240 ซอย รามคำแหง 54 แขวง หัวหมาก เขตบางกะปิ กรุงเทพมหานคร 10240 ประเทศไทย,หัวหมาก,บางกะปิ,กรุงเทพมหานคร,2022-02-07 08:30:45.270079+00:00,เสร็จสิ้น,,0,2024-03-05 11:53:11.867164+00:00,757 days 03:22:26.597085,2022,2,3774.0,10.0,กรุงเทพมหานคร,56.22000122,116.7900009,88.19543931
2022-72ZTTB,{},"กรมป้องกันและบรรเทาสาธารณภัย,ศูนย์อำนวยการบรรเทาสาธารณภัย ส่วนกลาง,เขตหนองจอก",สีเส้นไม่ชัดเจน #ทางม้าลาย,https://storage.googleapis.com/traffy_public_bucket/attachment/2022-02/647d2c97ef8caf7ddd9f3f4d7d4fcf8d9bee3c1e.jpg,,"100.85793,13.84352",127/12 ซอย เชื่อมสัมพันธ์ 13 แขวง กระทุ่มราย เขต หนองจอก กรุงเทพมหานคร 10530 ประเทศไทย,กระทุ่มราย,หนองจอก,กรุงเทพมหานคร,2022-02-08 23:49:01.428764+00:00,เสร็จสิ้น,,0,2024-03-05 11:53:23.937898+00:00,755 days 12:04:22.509134,2022,2,3774.0,10.0,กรุงเทพมหานคร,56.22000122,116.7900009,88.19543931
2022-6VGYRV,{ถนน},"เขตวัฒนา,สำนักการจราจรและขนส่ง กรุงเทพมหานคร (สจส. กทม.),กลุ่มงานเครื่องหมายจราจร 1 สวจ.สจส. กทม.",ทางม้าลายบริเวณทางเลี้ยวเข้าถนนเอกมัยจากถนนเพชรบุรี จาง ใช้งานไม่ได้,https://storage.googleapis.com/traffy_public_bucket/attachment/2022-02/42e0cbc87ba401f0da3324143762bbfc73d24387.jpg,https://storage.googleapis.com/traffy_public_bucket/attachment/2024-03/1709867272841.jpeg,"100.59168,13.74299",2451/3 4 2451 ถนน เพชรบุรีตัดใหม่ แขวง บางกะปิ เขตห้วยขวาง กรุงเทพมหานคร 10310 ประเทศไทย,คลองตันเหนือ,วัฒนา,กรุงเทพมหานคร,2022-02-09 03:02:35.831643+00:00,เสร็จสิ้น,,0,2024-11-13 06:06:24.095431+00:00,1008 days 03:03:48.263788,2022,2,3774.0,10.0,กรุงเทพมหานคร,56.22000122,116.7900009,88.19543931
2022-4L9PWN,{},"กรมป้องกันและบรรเทาสาธารณภัย,ศูนย์อำนวยการบรรเทาสาธารณภัย ส่วนกลาง,เขตบางเขน",ไม่มีไฟสัญญาณ #ทางม้าลาย,https://storage.googleapis.com/traffy_public_bucket/attachment/2022-02/cd7507bba96be9d100d41cfe157523c4892b4d09.jpg,,"100.65086,13.88018",385 ถนนสุขาภิบาล ๕ แขวง ท่าแร้ง เขตบางเขน กรุงเทพมหานคร 10220 ประเทศไทย,ท่าแร้ง,บางเขน,กรุงเทพมหานคร,2022-02-10 12:32:33.334840+00:00,เสร็จสิ้น,,0,2024-03-05 11:54:00.174444+00:00,753 days 23:21:26.839604,2022,2,3774.0,10.0,กรุงเทพมหานคร,56.22000122,116.7900009,88.19543931
2022-DQQ3BK,{เสียงรบกวน},"!@฿,Traffy @ ITS Lab2,ทดสอบ123,เขตคลองสาน",แจ้งเรื่องเดิมสถานบันเทิงเปิดเกินเวลา เสียงดัง หน้าบ้านตีสองตีสาม แจ้งก้าวไกล แล้ว แจ้งชัชชาติแล้วเหลือแจ้งกทม,https://storage.googleapis.com/traffy_public_bucket/attachment/2022-02/b2bedb076e34f577482ad894e2984524d84b4e02.jpg,,"100.51144,13.72886",123 ถ. เจริญนคร แขวง คลองต้นไทร เขตคลองสาน กรุงเทพมหานคร 10600 ประเทศไทย,คลองสาน,คลองสาน,กรุงเทพมหานคร,2022-02-15 02:47:41.488313+00:00,เสร็จสิ้น,1.0,0,2024-03-05 11:54:12.443077+00:00,749 days 09:06:30.954764,2022,2,3774.0,10.0,กรุงเทพมหานคร,56.22000122,116.7900009,88.19543931
2022-G6NAVY,{ความสะอาด},"เขตสาทร,ฝ่ายรักษาความสะอาดฯ เขตสาทร",จุดทิ้งขยะ,https://storage.googleapis.com/traffy_public_bucket/attachment/2022-02/fbc2f3ac872d61a4ea971852588bf3b258aea9a6.jpg,https://storage.googleapis.com/traffy_public_bucket/attachment/2022-06/690ebda9da5fa73dbd42c25bf39a01afee678368.jpg,"100.52683,13.70816",122 ซอย จันทน์ 18/7 แขวง ทุ่งวัดดอน เขต สาทร กรุงเทพมหานคร 10120 ประเทศไทย,ทุ่งวัดดอน,สาทร,กรุงเทพมหานคร,2022-02-16 11:44:41.469126+00:00,เสร็จสิ้น,,0,2022-06-14 07:22:27.168562+00:00,117 days 19:37:45.699436,2022,2,3774.0,10.0,กรุงเทพมหานคร,56.22000122,116.7900009,88.19543931
2022-CTGM8G,{ทางเท้า},"เขตสาทร,ฝ่ายโยธา เขตสาทร",ทางเท้าผุพัง,https://storage.googleapis.com/traffy_public_bucket/attachment/2022-02/dbf1f889cd8a2bb2d795de09c270086e31ab8bba.jpg,https://storage.googleapis.com/traffy_public_bucket/attachment/2022-06/823f14f2e74643df8a25defe799b5932cbaa39c0.jpg,"100.52682,13.70915",170 ซอย จันทน์ 18/7 แขวง ทุ่งวัดดอน เขต สาทร กรุงเทพมหานคร 10120 ประเทศไทย,ทุ่งวัดดอน,สาทร,กรุงเทพมหานคร,2022-02-16 11:46:28.792851+00:00,เสร็จสิ้น,,0,2022-06-22 14:27:39.122554+00:00,126 days 02:41:10.329703,2022,2,3774.0,10.0,กรุงเทพมหานคร,56.22000122,116.7900009,88.19543931
2022-8E7UK7,"{ทางเท้า,สะพาน}","เขตดุสิต,สำนักการโยธา กทม.",ไม่มีทางเท้าคนเดินจากสะพานกรุงธนบุรีไปวัดราชผาติการาม,https://storage.googleapis.com/traffy_public_bucket/attachment/2022-02/14d4276452721568b2581d5f44a85e9cc7460714.jpg,,"100.50527,13.78011",147 ถ. ราชวิถี แขวง วชิรพยาบาล เขตดุสิต กรุงเทพมหานคร 10300 ประเทศไทย,ดุสิต,ดุสิต,กรุงเทพมหานคร,2022-02-16 15:45:15.544554+00:00,เสร็จสิ้น,1.0,0,2023-04-26 13:18:04.091438+00:00,433 days 21:32:48.546884,2022,2,3774.0,10.0,กรุงเทพมหานคร,56.22000122,116.7900009,88.19543931
2022-HTFWFF,{},"เขตบางซื่อ,กรมป้องกันและบรรเทาสาธารณภัย,ศูนย์อำนวยการบรรเทาสาธารณภัย ส่วนกลาง",พิกัด หน้าโรงเรียนโยธินบูรณะ แถววัดสร้อยทอง,https://storage.googleapis.com/traffy_public_bucket/attachment/2022-02/dad06d3a8b7788f629d77f312a764f8e4121476c.jpg,https://storage.googleapis.com/traffy_public_bucket/attachment/2024-03/1710056869198.jpeg,"100.51813,13.81481",876/6 ถ. ประชาราษฎร์สาย1 แขวง บางซื่อ เขตบางซื่อ กรุงเทพมหานคร 10800 ประเทศไทย,บางซื่อ,บางซื่อ,กรุงเทพมหานคร,2022-02-17 01:45:55.675086+00:00,เสร็จสิ้น,,0,2024-03-10 07:47:52.045889+00:00,752 days 06:01:56.370803,2022,2,3774.0,10.0,กรุงเทพมหานคร,56.22000122,116.7900009,88.19543931
2022-FCGFT3,{},"เขตบางซื่อ,กรมป้องกันและบรรเทาสาธารณภัย,ศูนย์อำนวยการบรรเทาสาธารณภัย ส่วนกลาง",พิกัด หน้าโรงเรียนโยธินบูรณะ แถววัดสร้อยทอง,https://storage.googleapis.com/traffy_public_bucket/attachment/2022-02/2667589b6df04dd01857572b65babf3137d42c34.jpg,https://storage.googleapis.com/traffy_public_bucket/attachment/2022-03/72ba7f9d2abf06ec69ccbc255119472932ed6314.jpg,"100.51813,13.81481",876/6 ถ. ประชาราษฎร์สาย1 แขวง บางซื่อ เขตบางซื่อ กรุงเทพมหานคร 10800 ประเทศไทย,บางซื่อ,บางซื่อ,กรุงเทพมหานคร,2022-02-17 01:46:10.224928+00:00,เสร็จสิ้น,3.0,0,2024-03-05 11:54:47.096255+00:00,747 days 10:08:36.871327,2022,2,3774.0,10.0,กรุงเทพมหานคร,56.22000122,116.7900009,88.19543931
2022-9ECRVP,{},"กรมป้องกันและบรรเทาสาธารณภัย,ศูนย์อำนวยการบรรเทาสาธารณภัย ส่วนกลาง,เขตราษฎร์บูรณะ",สีเส้นไม่ชัดเจน #ทางม้าลาย,https://storage.googleapis.com/traffy_public_bucket/attachment/2022-02/898cdef054e29e025cde8ec3c298c21fe14258e0.jpg,https://storage.googleapis.com/traffy_public_bucket/attachment/2022-03/c95c186a48a9a0cbc5b607a392701452309f1385.jpg,"100.49231,13.68747",99 ถ. ราษฎร์บูรณะ แขวง ราษฎร์บูรณะ เขตราษฎร์บูรณะ กรุงเทพมหานคร 10140 ประเทศไทย,บางปะกอก,ราษฎร์บูรณะ,กรุงเทพมหานคร,2022-02-19 07:21:30.562091+00:00,เสร็จสิ้น,5.0,0,2024-03-05 11:55:11.793332+00:00,745 days 04:33:41.231241,2022,2,3774.0,10.0,กรุงเทพมหานคร,56.22000122,116.7900009,88.19543931
2022-FBGUU3,{},"เขตดินแดง,สำนักการโยธา กทม.,สำนักงานก่อสร้างและบูรณะ สำนักการโยธา (สกบ.สนย.) กทม.,ศูนย์ก่อสร้างและบูรณะถนน 2 ส่วนก่อสร้างและบูรณะ 1 สำนักงานก่อสร้างและบูรณะ (สกบ.สนย.),กลุ่มงานบูรณะสะพานและทางโครงสร้างพิเศษ สำนักงานวิศวกรรมทาง (สวก.สนย.)",เกาะกลาง เสาสะพานข้ามแยก ประชาสงเคราะห์ มีหลุมดินยุบตัว,https://storage.googleapis.com/traffy_public_bucket/attachment/2022-02/e069655b9c10ea7eb1740ec4f59ae13a2eef056c.jpg,https://storage.googleapis.com/traffy_public_bucket/attachment/2025-01/5fd1ad7d71b98242e322200817cb97c0.jpg,"100.55538,13.76143",4737สถาบันราชานุกูล อาคารธารน้ำใจ ถนน ดินแดง แขวง ดินแดง เขตดินแดง กรุงเทพมหานคร 10400 ประเทศไทย,ดินแดง,ดินแดง,กรุงเทพมหานคร,2022-02-21 11:07:49.582372+00:00,เสร็จสิ้น,,0,2025-01-03 05:05:02.283114+00:00,1046 days 17:57:12.700742,2022,2,3774.0,10.0,กรุงเทพมหานคร,56.22000122,116.7900009,88.19543931
2022-N7FV4H,{},"กรมป้องกันและบรรเทาสาธารณภัย,ศูนย์อำนวยการบรรเทาสาธารณภัย ส่วนกลาง,เขตธนบุรี,สำนักการจราจรและขนส่ง กรุงเทพมหานคร (สจส. กทม.),กลุ่มงานเครื่องหมายจราจร 3 สวจ.สจส. กทม.,กรมทางหลวงชนบท กระทรวงคมนาคม",สีเส้นไม่ชัดเจน #ทางม้าลาย,https://storage.googleapis.com/traffy_public_bucket/attachment/2022-02/945cc42260b867ddc07783445b284b7ca684025f.jpg,,"100.47694,13.71429",ตลาดพลู แขวง ดาวคะนอง เขตธนบุรี กรุงเทพมหานคร 10600 ประเทศไทย,บุคคโล,ธนบุรี,กรุงเทพมหานคร,2022-02-21 15:34:56.879169+00:00,กำลังดำเนินการ,,0,2024-05-06 04:31:42.262280+00:00,804 days 12:56:45.383111,2022,2,3774.0,10.0,กรุงเทพมหานคร,56.22000122,116.7900009,88.19543931
2022-3QU2L7,"{ทางเท้า,ความสะอาด}",เขตดุสิต,ขยะและทางเท้าครับ,https://storage.googleapis.com/traffy_public_bucket/attachment/2022-02/f8c926d8c6e02699b74002177c3c6d7c3eb996f8.jpg,https://storage.googleapis.com/traffy_public_bucket/attachment/2023-05/1684303598508.jpeg,"100.51390,13.78409",812/11 ถนนนครไชยศรี แขวงถนนนครไชยศรี เขตดุสิต กรุงเทพมหานคร 10300 แขวง ถนนนครไชยศรี เขตดุสิต กรุงเทพมหานคร 10300 ประเทศไทย,ดุสิต,ดุสิต,กรุงเทพมหานคร,2022-02-22 01:51:05.043858+00:00,เสร็จสิ้น,,0,2023-05-17 06:07:11.788345+00:00,449 days 04:16:06.744487,2022,2,3774.0,10.0,กรุงเทพมหานคร,56.22000122,116.7900009,88.19543931
2022-7HBDDP,{คลอง},"เขตปทุมวัน,สำนักการระบายน้ำ กทม.,สำนักงานระบบควบคุมน้ำ สำนักการระบายน้ำ",น้ำในคลองเน่าเหม็นมากครับ,https://storage.googleapis.com/traffy_public_bucket/attachment/2022-02/df183e8a529b9056ccbe771aab2324295751d3c1.jpg,https://storage.googleapis.com/traffy_public_bucket/attachment/2024-03/1709861024423.jpeg,"100.52194,13.73865",1808 ถนน บรรทัดทอง แขวง รองเมือง เขตปทุมวัน กรุงเทพมหานคร 10330 ประเทศไทย,รองเมือง,ปทุมวัน,กรุงเทพมหานคร,2022-02-23 11:01:23.541336+00:00,เสร็จสิ้น,3.0,0,2024-03-08 01:23:46.164151+00:00,743 days 14:22:22.622815,2022,2,3774.0,10.0,กรุงเทพมหานคร,56.22000122,116.7900009,88.19543931
2022-LG2TZF,{},"เขตบางรัก,กลุ่มงานสัญญาณไฟจราจร สวจ.สจส. กทม.,สำนักการจราจรและขนส่ง กรุงเทพมหานคร (สจส. กทม.)",ข้ามลำบากรถเยอะ,https://storage.googleapis.com/traffy_public_bucket/attachment/2022-02/b6a244c496551fad15919a531e09dcc4ca7d54b5.jpg,,"100.52320,13.73148",136 44 ถนนนเรศ แขวง สี่พระยา เขตบางรัก กรุงเทพมหานคร 10500 ประเทศไทย,สี่พระยา,บางรัก,กรุงเทพมหานคร,2022-02-24 06:24:40.099002+00:00,กำลังดำเนินการ,,0,2024-03-17 06:09:16.310847+00:00,751 days 23:44:36.211845,2022,2,3774.0,10.0,กรุงเทพมหานคร,56.22000122,116.7900009,88.19543931
2022-K6TKN3,{},"กรมป้องกันและบรรเทาสาธารณภัย,ศูนย์อำนวยการบรรเทาสาธารณภัย ส่วนกลาง,เขตปทุมวัน,สำนักการจราจรและขนส่ง กรุงเทพมหานคร (สจส. กทม.)",ไม่มีไฟสัญญาณ #ทางม้าลาย,https://storage.googleapis.com/traffy_public_bucket/attachment/2022-02/fb457fb77f5e64621e2a61b0237afe19ac02db5a.jpg,https://storage.googleapis.com/traffy_public_bucket/attachment/2024-04/2ad73bc0d449749bd63f82e0e661ac33.jpg,"100.52996,13.74281",PGVJ+52R แขวง วังใหม่ เขตปทุมวัน กรุงเทพมหานคร 10330 ประเทศไทย,ปทุมวัน,ปทุมวัน,กรุงเทพมหานคร,2022-02-24 09:34:18.240523+00:00,เสร็จสิ้น,,0,2024-04-19 07:05:44.489576+00:00,784 days 21:31:26.249053,2022,2,3774.0,10.0,กรุงเทพมหานคร,56.22000122,116.7900009,88.19543931
2022-HUQZU8,{},"กรมป้องกันและบรรเทาสาธารณภัย,ศูนย์อำนวยการบรรเทาสาธารณภัย ส่วนกลาง,เขตดุสิต,สำนักการจราจรและขนส่ง กรุงเทพมหานคร (สจส. กทม.),กลุ่มงานเครื่องหมายจราจร 1 สวจ.สจส. กทม.",สีเส้นไม่ชัดเจน #ทางม้าลาย,https://storage.googleapis.com/traffy_public_bucket/attachment/2022-02/7ceb24a9d22bc271e01be5580ee86c5bd68e14f9.jpg,https://storage.googleapis.com/traffy_public_bucket/attachment/2024-03/12292c68f45e72c666ff8bab50ec5c3b.png,"100.51164,13.77671",295 ถ. ราชวิถี แขวง ดุสิต เขตดุสิต กรุงเทพมหานคร 10300 ประเทศไทย,ดุสิต,ดุสิต,กรุงเทพมหานคร,2022-02-24 23:02:31.337301+00:00,เสร็จสิ้น,,0,2024-11-13 06:06:26.661154+00:00,992 days 07:03:55.323853,2022,2,3774.0,10.0,กรุงเทพมหานคร,56.22000122,116.7900009,88.19543931
2022-R28ZXA,{},"กรมป้องกันและบรรเทาสาธารณภัย,ศูนย์อำนวยการบรรเทาสาธารณภัย ส่วนกลาง,เขตดุสิต",สีเส้นไม่ชัดเจน #ทางม้าลาย,https://storage.googleapis.com/traffy_public_bucket/attachment/2022-02/a9e140311e8dabe7338b02164b3d1bc3831f72b1.jpg,https://storage.googleapis.com/traffy_public_bucket/attachment/2022-03/83c1f7152db6a2f26d38242a7c917ad5a18255d5.jpg,"100.50859,13.76761",สถานีวิทยุกองพลที่1 รักษาพระองค์ ถนน พิษณุโลก แขวง ดุสิต เขตดุสิต กรุงเทพมหานคร 10300 ประเทศไทย,ดุสิต,ดุสิต,กรุงเทพมหานคร,2022-02-25 06:59:22.351164+00:00,เสร็จสิ้น,,0,2024-03-05 11:56:56.875675+00:00,739 days 04:57:34.524511,2022,2,3774.0,10.0,กรุงเทพมหานคร,56.22000122,116.7900009,88.19543931
2022-B76XDA,{น้ำท่วม},"กรมป้องกันและบรรเทาสาธารณภัย,ศูนย์อำนวยการบรรเทาสาธารณภัย ส่วนกลาง,เขตดุสิต",น้ำท่วม,https://storage.googleapis.com/traffy_public_bucket/attachment/2022-02/67d836f711e890e6590676b2b4a8851904106b8f.jpg,,"100.52001,13.77690",197 ถนน สุโขทัย แขวง ดุสิต เขตดุสิต กรุงเทพมหานคร 10300 ประเทศไทย,ถนนนครไชยศรี,ดุสิต,กรุงเทพมหานคร,2022-02-26 09:20:45.196556+00:00,เสร็จสิ้น,5.0,0,2023-05-17 05:05:46.467568+00:00,444 days 19:45:01.271012,2022,2,3774.0,10.0,กรุงเทพมหานคร,56.22000122,116.7900009,88.19543931
2022-KM74Y8,{ความสะอาด},"เขตประเวศ,สำนักสิ่งแวดล้อม กทม.,ฝ่ายสิ่งแวดล้อมฯ เขตประเวศ",1.ปัญหากลิ่นขยะรบกวน ช่วงเย็น-กลางคืน ผมใช้ app windy เพื่อดูทิศทางลม สันนิษฐานว่าน่าจะมาจาก โรงงานกำจัดขยะอ่อนนุช ครับ,https://storage.googleapis.com/traffy_public_bucket/attachment/2022-02/705c1973dd147f4a4eaee59254efe281deb3432d.jpg,https://storage.googleapis.com/traffy_public_bucket/attachment/2022-06/de054775f64d37a33930ef73ffe5d94e6cd88a22.jpg,"100.69788,13.68411",1/1 ถ. กาญจนาภิเษก แขวง ดอกไม้ เขต ประเวศ กรุงเทพมหานคร 10250 ประเทศไทย,ดอกไม้,ประเวศ,กรุงเทพมหานคร,2022-02-26 14:36:51.542139+00:00,เสร็จสิ้น,5.0,0,2022-07-12 06:50:53.034493+00:00,135 days 16:14:01.492354,2022,2,3774.0,10.0,กรุงเทพมหานคร,56.22000122,116.7900009,88.19543931
2022-F3XY4U,{},"กรมป้องกันและบรรเทาสาธารณภัย,ศูนย์อำนวยการบรรเทาสาธารณภัย ส่วนกลาง,เขตคันนายาว",สีเส้นไม่ชัดเจน #ทางม้าลาย,https://storage.googleapis.com/traffy_public_bucket/attachment/2022-02/981adb20142f69cbb4dd937c3790fcc76aedf2d3.jpg,https://storage.googleapis.com/traffy_public_bucket/attachment/2022-03/38be34eda60b907ba74e79a4620a89355cd6fc69.jpg,"100.67550,13.78588",15 ถ. เสรีไทย แขวง คลองกุ่ม เขต บึงกุ่ม กรุงเทพมหานคร 10230 ประเทศไทย,รามอินทรา,คันนายาว,กรุงเทพมหานคร,2022-02-28 02:14:51.927297+00:00,เสร็จสิ้น,5.0,0,2024-03-05 11:57:08.778675+00:00,736 days 09:42:16.851378,2022,2,3774.0,10.0,กรุงเทพมหานคร,56.22000122,116.7900009,88.19543931
2022-FLBPXW,{},"กรมป้องกันและบรรเทาสาธารณภัย,ศูนย์อำนวยการบรรเทาสาธารณภัย ส่วนกลาง,เขตพระนคร,สำนักการจราจรและขนส่ง กรุงเทพมหานคร (สจส. กทม.)",สีเส้นไม่ชัดเจน #ทางม้าลาย,https://storage.googleapis.com/traffy_public_bucket/attachment/2022-02/5c865741e1f3b9d2ba1f2a83fed3795fadf58a1a.jpg,,"100.49743,13.74334",377 ถนนบ้านหม้อ แขวง วังบูรพาภิรมย์ เขตพระนคร กรุงเทพมหานคร 10200 ประเทศไทย,วังบูรพาภิรมย์,พระนคร,กรุงเทพมหานคร,2022-02-28 04:08:00.498836+00:00,กำลังดำเนินการ,,0,2024-03-15 03:22:13.337385+00:00,745 days 23:14:12.838549,2022,2,3774.0,10.0,กรุงเทพมหานคร,56.22000122,116.7900009,88.19543931
2022-BDT4ND,{},"เขตคลองเตย,สน.คลองตัน,สำนักงานตำรวจแห่งชาติ (Royal Thai Police),กองบัญชาการตำรวจนครบาล (บช.น.),กองบังคับการตำรวจนครบาล 5 (บก.น.5)",ตามเรื่อง,https://storage.googleapis.com/traffy_public_bucket/attachment/2022-03/463840429d23523588f271a199f8786e196bfb3c.jpg,,"100.59481,13.71175",6 ถ. สุขุมวิท แขวง พระโขนง เขตคลองเตย กรุงเทพมหานคร 10110 ประเทศไทย,พระโขนง,คลองเตย,กรุงเทพมหานคร,2022-03-02 06:42:06.721378+00:00,กำลังดำเนินการ,,0,2024-03-06 01:33:13.696257+00:00,734 days 18:51:06.974879,2022,3,3851.0,10.0,กรุงเทพมหานคร,39.90999985,84.83000183,63.2087165
2022-3DGMEG,{น้ำท่วม},"เขตตลิ่งชัน,ฝ่ายโยธา เขตตลิ่งชัน",การแก้ปัญหาเรื่องน้ำท่วมในหมู่บ้านเวลาฝนตกหนัก น้ำระบายไม่ทัน,https://storage.googleapis.com/traffy_public_bucket/attachment/2022-03/f5622f4d0a44730f09f58abdb987bdfb646ba618.jpg,https://storage.googleapis.com/traffy_public_bucket/attachment/2024-03/1709885406311.jpeg,"100.42054,13.76444",39/15 ซอย 11/2 แขวง บางระมาด เขตตลิ่งชัน กรุงเทพมหานคร 10170 ประเทศไทย,บางระมาด,ตลิ่งชัน,กรุงเทพมหานคร,2022-03-03 09:05:34.238272+00:00,เสร็จสิ้น,1.0,0,2024-03-08 08:10:07.652115+00:00,735 days 23:04:33.413843,2022,3,3851.0,10.0,กรุงเทพมหานคร,39.90999985,84.83000183,63.2087165
2022-NBQTQZ,{},เขตราษฎร์บูรณะ,หลุมบ่อบนทางหลักครับ,https://storage.googleapis.com/traffy_public_bucket/attachment/2022-03/b3cdeefdfbe55a37f2638e441c4abd72052873ce.jpg,https://storage.googleapis.com/traffy_public_bucket/attachment/2024-03/1710143248040.jpeg,"100.49333,13.67986",397 ถ. สุขสวัสดิ์ แขวง บางปะกอก เขตราษฎร์บูรณะ กรุงเทพมหานคร 10140 ประเทศไทย,บางปะกอก,ราษฎร์บูรณะ,กรุงเทพมหานคร,2022-03-04 08:33:35.107250+00:00,เสร็จสิ้น,,0,2024-03-11 07:47:30.378442+00:00,737 days 23:13:55.271192,2022,3,3851.0,10.0,กรุงเทพมหานคร,39.90999985,84.83000183,63.2087165
2022-C8HGN6,{},"เขตสายไหม,กรมทางหลวง,สำนักการจราจรและขนส่ง กรุงเทพมหานคร (สจส. กทม.)",เส้นจราจร,https://storage.googleapis.com/traffy_public_bucket/attachment/2022-03/df1aba49b41f6e7b7120db1f80c3e9abb716b405.jpg,,"100.62663,13.92801",89 ซอย เขื่อนขันธ์ 2 แขวง สายไหม เขตสายไหม กรุงเทพมหานคร 10220 ประเทศไทย,สายไหม,สายไหม,กรุงเทพมหานคร,2022-03-04 11:04:08.129859+00:00,กำลังดำเนินการ,,0,2024-03-06 14:58:26.564647+00:00,733 days 03:54:18.434788,2022,3,3851.0,10.0,กรุงเทพมหานคร,39.90999985,84.83000183,63.2087165
2022-78Q9TW,{},"กรมป้องกันและบรรเทาสาธารณภัย,ศูนย์อำนวยการบรรเทาสาธารณภัย ส่วนกลาง,เขตพระนคร,กลุ่มงานสัญญาณไฟจราจร สวจ.สจส. กทม.,สำนักการจราจรและขนส่ง กรุงเทพมหานคร (สจส. กทม.),กลุ่มงานวางแผนและออกแบบ 1 สวจ.สจส. กทม.,กลุ่มงานเครื่องหมายจราจร 2 สวจ.สจส. กทม.,กลุ่มงานวางแผนและออกแบบ 2 สวจ.สจส. กทม.",ไม่มีไฟสัญญาณ #ทางม้าลาย,https://storage.googleapis.com/traffy_public_bucket/attachment/2022-03/1da569786cb851c208db10a7c0150969c1570710.jpg,https://storage.googleapis.com/traffy_public_bucket/attachment/2024-05/d2642611509145e7af25fb0c9b102dec.jpg,"100.49733,13.74347",377 ถนนบ้านหม้อ แขวง วังบูรพาภิรมย์ เขตพระนคร กรุงเทพมหานคร 10200 ประเทศไทย,วังบูรพาภิรมย์,พระนคร,กรุงเทพมหานคร,2022-03-04 15:41:18.335424+00:00,เสร็จสิ้น,,0,2024-12-03 06:28:52.197615+00:00,1004 days 14:47:33.862191,2022,3,3851.0,10.0,กรุงเทพมหานคร,39.90999985,84.83000183,63.2087165
2022-AM6UC4,{แสงสว่าง},"กรมป้องกันและบรรเทาสาธารณภัย,ศูนย์อำนวยการบรรเทาสาธารณภัย ส่วนกลาง,เขตดอนเมือง,การรถไฟแห่งประเทศไทย",ไม่มีไฟส่องสว่าง #ทางม้าลาย,https://storage.googleapis.com/traffy_public_bucket/attachment/2022-03/29e11257a07230501babaa5996ab6a310880008e.jpg,,"100.58875,13.89691",34 ถนน วิภาวดีรังสิต แขวง สนามบิน เขตดอนเมือง กรุงเทพมหานคร 10210 ประเทศไทย,สนามบิน,ดอนเมือง,กรุงเทพมหานคร,2022-03-07 04:56:40.171580+00:00,กำลังดำเนินการ,,0,2024-08-28 07:26:50.946391+00:00,905 days 02:30:10.774811,2022,3,3851.0,10.0,กรุงเทพมหานคร,39.90999985,84.83000183,63.2087165
2022-EDGR9W,{ท่อระบายน้ำ},"เขตดุสิต,สำนักการระบายน้ำ กทม.,กองระบบท่อระบายน้ำ สำนักการระบายน้ำ","อยากรบกวนขอเปลี่ยนตะแกรงฝาท่อแยกราชวัตรครับ
ตะแกรงแนวทาง ล้อรถจักรยานลงไปตีลังกาได้เลยอะฮะ",https://storage.googleapis.com/traffy_public_bucket/attachment/2022-03/36c8f772191a887f0a582a06ab97784270635212.jpg,https://storage.googleapis.com/traffy_public_bucket/attachment/2022-09/30d56982cb6e24adff02f55cc50f612209afd15e.jpg,"100.52234,13.77945",280 ถ. พระรามที่ ๕ แขวง ถนนดุสิต เขตดุสิต กรุงเทพมหานคร 10300 ประเทศไทย,ถนนนครไชยศรี,ดุสิต,กรุงเทพมหานคร,2022-03-08 02:36:34.745170+00:00,เสร็จสิ้น,,1,2023-05-17 05:05:56.274693+00:00,435 days 02:29:21.529523,2022,3,3851.0,10.0,กรุงเทพมหานคร,39.90999985,84.83000183,63.2087165
2022-HHHYCH,{},"เขตประเวศ,ฝ่ายเทศกิจ เขตประเวศ",ติดป้ายหาเสียง,https://storage.googleapis.com/traffy_public_bucket/attachment/2022-03/31a0349469aeb8d5226a94755d2d2aeac38e2647.jpg,https://storage.googleapis.com/traffy_public_bucket/attachment/2022-06/5093f433eed001848c42f87611fc088935f9a825.jpg,"100.66230,13.67866",27 ซอย เฉลิมพระเกียรติ ร. 9 แขวง หนองบอน เขต ประเวศ กรุงเทพมหานคร 10250 ประเทศไทย,หนองบอน,ประเวศ,กรุงเทพมหานคร,2022-03-09 04:31:00.589301+00:00,เสร็จสิ้น,,0,2022-06-24 06:30:13.557873+00:00,107 days 01:59:12.968572,2022,3,3851.0,10.0,กรุงเทพมหานคร,39.90999985,84.83000183,63.2087165
2022-LKNQ44,{},"เขตประเวศ,ฝ่ายเทศกิจ เขตประเวศ",ติดป้ายหาเสียง,https://storage.googleapis.com/traffy_public_bucket/attachment/2022-03/20065cb54044a83c6c69549f80299c46f41da7ab.jpg,https://storage.googleapis.com/traffy_public_bucket/attachment/2022-06/20c39e8c39fb17d559eba26bfc37e1b76527575b.jpg,"100.66133,13.67950",10/5 เฉลิมพระเกียรติ ร. 9 ซอย 29 แยก 3 แขวง หนองบอน เขต ประเวศ กรุงเทพมหานคร 10250 ประเทศไทย,หนองบอน,ประเวศ,กรุงเทพมหานคร,2022-03-09 04:33:28.366447+00:00,เสร็จสิ้น,,0,2022-06-24 06:32:17.474562+00:00,107 days 01:58:49.108115,2022,3,3851.0,10.0,กรุงเทพมหานคร,39.90999985,84.83000183,63.2087165
2022-D8PTYT,{},"เขตประเวศ,ฝ่ายเทศกิจ เขตประเวศ",ติดตั้งป้ายค่ะ,https://storage.googleapis.com/traffy_public_bucket/attachment/2022-03/387f986523fce6e65ee6b195af18854710afae6d.jpg,https://storage.googleapis.com/traffy_public_bucket/attachment/2022-06/ec1233ae342ec0a68f98c01afe767aa26f86a29c.jpg,"100.66293,13.67859",267 ถนน เฉลิมพระเกียรติรัชกาลที่ 9 แขวง หนองบอน เขต ประเวศ กรุงเทพมหานคร 10250 ประเทศไทย,หนองบอน,ประเวศ,กรุงเทพมหานคร,2022-03-09 13:49:39.860493+00:00,เสร็จสิ้น,,0,2022-06-24 06:29:37.027914+00:00,106 days 16:39:57.167421,2022,3,3851.0,10.0,กรุงเทพมหานคร,39.90999985,84.83000183,63.2087165
2022-BLQGCA,{},"เขตประเวศ,ฝ่ายเทศกิจ เขตประเวศ",ติดตั้งป้ายค่ะ,https://storage.googleapis.com/traffy_public_bucket/attachment/2022-03/84be8b799ad0576041a91ad571183f81619a4f66.jpg,https://storage.googleapis.com/traffy_public_bucket/attachment/2022-06/51bfd6b5e0926e1fb2365149fbad86ef112a2bbd.jpg,"100.66300,13.67815",6 ซอย เฉลิมพระเกียรติ ร. 9 แขวง หนองบอน เขต ประเวศ กรุงเทพมหานคร 10250 ประเทศไทย,หนองบอน,ประเวศ,กรุงเทพมหานคร,2022-03-09 13:51:59.304748+00:00,เสร็จสิ้น,,0,2022-06-13 14:20:40.829605+00:00,96 days 00:28:41.524857,2022,3,3851.0,10.0,กรุงเทพมหานคร,39.90999985,84.83000183,63.2087165
2022-FW4FVZ,{},"เขตประเวศ,ฝ่ายเทศกิจ เขตประเวศ",ติดป้ายหาเสียง,https://storage.googleapis.com/traffy_public_bucket/attachment/2022-03/a9667f660dd942a5ee3d3dfc20be2026033166f8.jpg,https://storage.googleapis.com/traffy_public_bucket/attachment/2022-06/ca677dfaa40e8d7f75c3152577c241ff02d4b945.jpg,"100.66297,13.67833",6 ซอย เฉลิมพระเกียรติ ร. 9 แขวง หนองบอน เขต ประเวศ กรุงเทพมหานคร 10250 ประเทศไทย,หนองบอน,ประเวศ,กรุงเทพมหานคร,2022-03-10 03:33:00.742154+00:00,เสร็จสิ้น,4.0,0,2022-06-13 06:03:09.311803+00:00,95 days 02:30:08.569649,2022,3,3851.0,10.0,กรุงเทพมหานคร,39.90999985,84.83000183,63.2087165
2022-NNDDBZ,{},"กรมป้องกันและบรรเทาสาธารณภัย,ศูนย์อำนวยการบรรเทาสาธารณภัย ส่วนกลาง,เขตธนบุรี",สวัดดีครับ,https://storage.googleapis.com/traffy_public_bucket/attachment/2022-03/fb1126cc0124e02b72fecfea11fe5b00abb42fd5.jpg,,"100.48266,13.69912",1050 Big C Daokanong Floor 1 Unit GCR113 Somdet Phrachao Taksin Road Bukkhalo Khet Thonburi Bangkok 10600 แขวง ดาวคะนอง เขตธนบุรี กรุงเทพมหานคร 10600 ประเทศไทย,ดาวคะนอง,ธนบุรี,กรุงเทพมหานคร,2022-03-10 10:31:10.161689+00:00,เสร็จสิ้น,5.0,0,2024-03-05 11:59:06.148019+00:00,726 days 01:27:55.986330,2022,3,3851.0,10.0,กรุงเทพมหานคร,39.90999985,84.83000183,63.2087165
2022-LQKWH3,{},"เขตประเวศ,ฝ่ายเทศกิจ เขตประเวศ",ติดป้าย,https://storage.googleapis.com/traffy_public_bucket/attachment/2022-03/038813abf768d6f78e42c0cbc6b7e5e11b0de33e.jpg,https://storage.googleapis.com/traffy_public_bucket/attachment/2022-06/3c3661c9f01086616d6e2e4f8ecd134a699e00cb.jpg,"100.68664,13.68196",12/12 เฉลิมพระเกีรยติ ร.9 แยก 14 แขวง ดอกไม้ เขต ประเวศ กรุงเทพมหานคร 10250 ประเทศไทย,ดอกไม้,ประเวศ,กรุงเทพมหานคร,2022-03-10 11:18:10.312035+00:00,เสร็จสิ้น,4.0,0,2022-06-24 06:27:36.086797+00:00,105 days 19:09:25.774762,2022,3,3851.0,10.0,กรุงเทพมหานคร,39.90999985,84.83000183,63.2087165
2022-MV8H3V,{คลอง},"เขตประเวศ,ฝ่ายโยธา เขตประเวศ","ชุมชนไม่มีทางออกถนนใหญ่ ในเขตประเวศ แขวงดอกไม้ กทม.
ชุมชนคลองปักหลักพัฒนา ทำให้ รถพยาบาล รถดับเพลิง เข้าไม่ได้ ทางเดินริมคลองแคบ เกิดอุบัติเหตุบ่อย ไฟไหม้ เจ็บป่วย ไม่มีรถดับเพลิง รถพยาบาล เข้าถึง",https://storage.googleapis.com/traffy_public_bucket/attachment/2022-03/de9deaf13be020507e369411a9af8b565e17e8d7.jpg,https://storage.googleapis.com/traffy_public_bucket/attachment/2022-06/1c1ab523d1777e533bc2d45ab8c41fbdecbda588.jpg,"100.69635,13.67943",12 ซอย กาญจนาภิเษก 48 แขวง ดอกไม้ เขต ประเวศ กรุงเทพมหานคร 10250 ประเทศไทย,ดอกไม้,ประเวศ,กรุงเทพมหานคร,2022-03-13 09:08:11.461257+00:00,เสร็จสิ้น,,0,2022-12-16 07:50:27.606742+00:00,277 days 22:42:16.145485,2022,3,3851.0,10.0,กรุงเทพมหานคร,39.90999985,84.83000183,63.2087165
2022-LLFMUT,{},"เขตประเวศ,ฝ่ายเทศกิจ เขตประเวศ",ติดตั้งป้ายหาเสียงค่ะ,https://storage.googleapis.com/traffy_public_bucket/attachment/2022-03/a1faed8f7b1f5727def1a40c4863d1b614b4d0dd.jpg,https://storage.googleapis.com/traffy_public_bucket/attachment/2022-06/86ba4afe8d8d09643abd1e5034bfe83e0f2a89c7.jpg,"100.68695,13.68222",12/12 เฉลิมพระเกีรยติ ร.9 แยก 14 แขวง ดอกไม้ เขต ประเวศ กรุงเทพมหานคร 10250 ประเทศไทย,ดอกไม้,ประเวศ,กรุงเทพมหานคร,2022-03-13 10:20:13.309236+00:00,เสร็จสิ้น,,0,2022-06-16 12:03:09.501910+00:00,95 days 01:42:56.192674,2022,3,3851.0,10.0,กรุงเทพมหานคร,39.90999985,84.83000183,63.2087165
2022-6DE9ML,{สายไฟ},"เขตห้วยขวาง,สำนักงาน กสทช. (ศูนย์รับแจ้งปัญหา 1200)",สายไฟฟ้าในซอยลาดพร้าว48 แยก8,https://storage.googleapis.com/traffy_public_bucket/attachment/2022-03/cabc012d885dda18c772c7b9af77b2531eb4d570.jpg,,"100.58477,13.79663",ซ.ลาดพร้าว 48 แยก 8-2 ถ. ลาดพร้าว แขวง สามเสนนอก เขตห้วยขวาง กรุงเทพมหานคร 10310 ประเทศไทย,สามเสนนอก,ห้วยขวาง,กรุงเทพมหานคร,2022-03-14 04:25:29.023303+00:00,กำลังดำเนินการ,,0,2024-03-11 06:59:07.088296+00:00,728 days 02:33:38.064993,2022,3,3851.0,10.0,กรุงเทพมหานคร,39.90999985,84.83000183,63.2087165
2022-4RZC82,{ทางเท้า},"ส่วนนันทนาการ สำนักงานนันทนาการและส่งเสริมการเรียนรู้ สวท.,เขตสะพานสูง,สำนักวัฒนธรรม กีฬาและการท่องเที่ยว กทม.",ทางเท้าชำรุด,https://storage.googleapis.com/traffy_public_bucket/attachment/2022-03/6c8871f7e9355357321e412cac9dcb9b932598f5.jpg,https://storage.googleapis.com/traffy_public_bucket/attachment/2024-03/1710305538769.jpeg,"100.68543,13.76971",29 ซ. รามคำแหง 118 แขวง สะพานสูง เขตสะพานสูง กรุงเทพมหานคร 10240 ประเทศไทย,สะพานสูง,สะพานสูง,กรุงเทพมหานคร,2022-03-16 14:05:15.762926+00:00,เสร็จสิ้น,,0,2024-03-13 04:52:21.170528+00:00,727 days 14:47:05.407602,2022,3,3851.0,10.0,กรุงเทพมหานคร,39.90999985,84.83000183,63.2087165
2022-9MC9G3,{},"เขตจตุจักร,สำนักการโยธา กทม.,ศูนย์ก่อสร้างและบูรณะถนน 3 ส่วนก่อสร้างและบูรณะ 2 สำนักงานก่อสร้างและบูรณะ (สกบ.สนย.)",รถเข็นคนพิการ ไม่สามารถ ผ่านได้ ต้องเข็นลงบนถนน,https://storage.googleapis.com/traffy_public_bucket/attachment/2022-03/931c7c6262bc5a55a4b3f27bffcdf00f9d7e8fc3.jpg,https://storage.googleapis.com/traffy_public_bucket/attachment/2024-06/1ee00d056b20d9895b23406716483371.jpg,"100.55026,13.79570",1639/77 ถ. พหลโยธิน แขวง สามเสนใน เขตพญาไท กรุงเทพมหานคร 10400 ประเทศไทย,จตุจักร,จตุจักร,กรุงเทพมหานคร,2022-03-16 14:14:53.832835+00:00,เสร็จสิ้น,5.0,0,2024-06-05 07:10:21.415738+00:00,811 days 16:55:27.582903,2022,3,3851.0,10.0,กรุงเทพมหานคร,39.90999985,84.83000183,63.2087165
2022-F2XUVN,{},"กรมป้องกันและบรรเทาสาธารณภัย,ศูนย์อำนวยการบรรเทาสาธารณภัย ส่วนกลาง,เขตพญาไท",ไม่มีเส้นชะลอความเร็ว #ทางม้าลาย,https://storage.googleapis.com/traffy_public_bucket/attachment/2022-03/93ddd92d1308dbbd23bb7877e444c24857008028.jpg,https://storage.googleapis.com/traffy_public_bucket/attachment/2022-04/c6c74a620bc98a8a5a6842a538f32226a75a98e5.jpg,"100.55304,13.77093",24 ถนน มิตรไมตรี แขวง ดินแดง เขตดินแดง กรุงเทพมหานคร 10400 ประเทศไทย,สามเสนใน,พญาไท,กรุงเทพมหานคร,2022-03-17 06:14:12.374847+00:00,เสร็จสิ้น,,0,2024-03-05 12:00:02.837057+00:00,719 days 05:45:50.462210,2022,3,3851.0,10.0,กรุงเทพมหานคร,39.90999985,84.83000183,63.2087165
2022-3LQHW8,{},"เขตประเวศ,ฝ่ายเทศกิจ เขตประเวศ",ติดป้ายหาเสียงเขตประเวศ,https://storage.googleapis.com/traffy_public_bucket/attachment/2022-03/d5b02974ac6502a9a2b6e2f070dfe1d8ec0812cb.jpg,https://storage.googleapis.com/traffy_public_bucket/attachment/2022-06/a88ffc6c348975a8955a6db3297003ba84b6383a.jpg,"100.64398,13.70064",94 หมู่บ้านมิตรภาพ แยก 2-2 แขวง หนองบอน เขต ประเวศ กรุงเทพมหานคร 10250 ประเทศไทย,หนองบอน,ประเวศ,กรุงเทพมหานคร,2022-03-21 05:59:47.193859+00:00,เสร็จสิ้น,,0,2022-06-13 05:51:41.144854+00:00,83 days 23:51:53.950995,2022,3,3851.0,10.0,กรุงเทพมหานคร,39.90999985,84.83000183,63.2087165
2022-ATENEV,{},"เขตประเวศ,ฝ่ายเทศกิจ เขตประเวศ",ติดป้ายหาเสียง,https://storage.googleapis.com/traffy_public_bucket/attachment/2022-03/29b27665a7570328da0a2d0db91f70dfd917c7c1.jpg,https://storage.googleapis.com/traffy_public_bucket/attachment/2022-06/8de61abc9f3393ef4d87da58ec5db8ea50dc4579.jpg,"100.64371,13.70201",53 มิตรภาพแยก 2 แขวง หนองบอน เขต ประเวศ กรุงเทพมหานคร 10250 ประเทศไทย,หนองบอน,ประเวศ,กรุงเทพมหานคร,2022-03-21 06:01:37.429239+00:00,เสร็จสิ้น,1.0,0,2022-06-13 05:59:26.277717+00:00,83 days 23:57:48.848478,2022,3,3851.0,10.0,กรุงเทพมหานคร,39.90999985,84.83000183,63.2087165
2022-NHKQU7,{แสงสว่าง},"กรมป้องกันและบรรเทาสาธารณภัย,ศูนย์อำนวยการบรรเทาสาธารณภัย ส่วนกลาง,เขตสวนหลวง",ไม่มีไฟส่องสว่าง #ทางม้าลาย,https://storage.googleapis.com/traffy_public_bucket/attachment/2022-03/ec6581fe02d792f18629b8d9ad031944fa1ffc31.jpg,,"100.64483,13.73542",2677 ถ. พัฒนาการ แขวง สวนหลวง แขวงสวนหลวง กรุงเทพมหานคร 10250 ประเทศไทย,สวนหลวง,สวนหลวง,กรุงเทพมหานคร,2022-03-22 11:27:10.594565+00:00,เสร็จสิ้น,,0,2024-03-05 12:00:49.721090+00:00,714 days 00:33:39.126525,2022,3,3851.0,10.0,กรุงเทพมหานคร,39.90999985,84.83000183,63.2087165
2022-E4UDFU,{},"กรมป้องกันและบรรเทาสาธารณภัย,ศูนย์อำนวยการบรรเทาสาธารณภัย ส่วนกลาง,เขตภาษีเจริญ,กรมทางหลวงชนบท กระทรวงคมนาคม",สีเส้นไม่ชัดเจน #ทางม้าลาย,https://storage.googleapis.com/traffy_public_bucket/attachment/2022-03/da2dc9735881101817eaed0dd53c1d6405ed9465.jpg,,"100.44775,13.73770",151 ถนน ราชพฤกษ์ แขวง บางแวก เขตภาษีเจริญ กรุงเทพมหานคร 10160 ประเทศไทย,บางแวก,ภาษีเจริญ,กรุงเทพมหานคร,2022-03-24 00:22:50.634825+00:00,กำลังดำเนินการ,,0,2024-12-24 03:43:51.930869+00:00,1006 days 03:21:01.296044,2022,3,3851.0,10.0,กรุงเทพมหานคร,39.90999985,84.83000183,63.2087165
2022-AGKV9N,{},เขตบางเขน,มีการทิ้งขยะกองไว้ริมถนนกาญจนาภิเษก เยื้องซอยกาญจนาภิเษก 5/7 คะ,https://storage.googleapis.com/traffy_public_bucket/attachment/2022-03/8e946006f3cba8381cab7b92fcc32f2d6b7e4236.jpg,https://storage.googleapis.com/traffy_public_bucket/attachment/2022-06/2454a1af6cd704663f14e208e90f142f5813acfa.jpg,"100.67661,13.86044",65/6 ถ. กาญจนาภิเษก แขวง ท่าแร้ง เขตบางเขน กรุงเทพมหานคร 10220 ประเทศไทย,ท่าแร้ง,บางเขน,กรุงเทพมหานคร,2022-03-24 06:07:38.819848+00:00,เสร็จสิ้น,5.0,0,2022-06-13 09:56:40.513699+00:00,81 days 03:49:01.693851,2022,3,3851.0,10.0,กรุงเทพมหานคร,39.90999985,84.83000183,63.2087165
2022-7W2BGX,{ถนน},"เขตหลักสี่,การรถไฟฟ้าขนส่งมวลชนแห่งประเทศไทย (รฟม.)",เจาะถนนยามวิกาล,https://storage.googleapis.com/traffy_public_bucket/attachment/2022-03/e2ee90396a3cf4412d1374a6e644d75d92a3708d.jpg,,"100.58693,13.88088",202/89 ถ. แจ้งวัฒนะ แขวง ตลาดบางเขน เขต หลักสี่ กรุงเทพมหานคร 10210 ประเทศไทย,ตลาดบางเขน,หลักสี่,กรุงเทพมหานคร,2022-03-25 16:58:48.352846+00:00,กำลังดำเนินการ,,0,2024-03-06 00:10:34.289168+00:00,711 days 07:11:45.936322,2022,3,3851.0,10.0,กรุงเทพมหานคร,39.90999985,84.83000183,63.2087165
2022-88EYMW,{},"กรมป้องกันและบรรเทาสาธารณภัย,ศูนย์อำนวยการบรรเทาสาธารณภัย ส่วนกลาง,เขตบางขุนเทียน",ไม่มีไฟสัญญาณ #ทางม้าลาย,https://storage.googleapis.com/traffy_public_bucket/attachment/2022-03/98d4ee3f924389af83c73f42c64d3dddecaf834a.jpg,https://storage.googleapis.com/traffy_public_bucket/attachment/2022-04/8b64be2e5fa247de6e53eb68836f2d551ee60f37.jpg,"100.43962,13.64186",200 ซอย ท่าข้าม 28 แขวง แสมดำ เขตบางขุนเทียน กรุงเทพมหานคร 10150 ประเทศไทย,แสมดำ,บางขุนเทียน,กรุงเทพมหานคร,2022-03-27 04:41:24.346547+00:00,เสร็จสิ้น,,0,2024-03-05 12:01:25.527068+00:00,709 days 07:20:01.180521,2022,3,3851.0,10.0,กรุงเทพมหานคร,39.90999985,84.83000183,63.2087165
