Unnamed: 0,comment,PM2.5,‡∏Å‡∏≤‡∏£‡πÄ‡∏î‡∏¥‡∏ô‡∏ó‡∏≤‡∏á,‡∏Å‡∏µ‡∏î‡∏Ç‡∏ß‡∏≤‡∏á,‡∏Ñ‡∏ô‡∏à‡∏£‡∏à‡∏±‡∏î,‡∏Ñ‡∏•‡∏≠‡∏á,‡∏Ñ‡∏ß‡∏≤‡∏°‡∏õ‡∏•‡∏≠‡∏î‡∏†‡∏±‡∏¢,‡∏Ñ‡∏ß‡∏≤‡∏°‡∏™‡∏∞‡∏≠‡∏≤‡∏î,‡∏à‡∏£‡∏≤‡∏à‡∏£,‡∏ï‡πâ‡∏ô‡πÑ‡∏°‡πâ,‡∏ñ‡∏ô‡∏ô,‡∏ó‡∏≤‡∏á‡πÄ‡∏ó‡πâ‡∏≤,‡∏ó‡πà‡∏≠‡∏£‡∏∞‡∏ö‡∏≤‡∏¢‡∏ô‡πâ‡∏≥,‡∏ô‡πâ‡∏≥‡∏ó‡πà‡∏ß‡∏°,‡∏õ‡πâ‡∏≤‡∏¢,‡∏õ‡πâ‡∏≤‡∏¢‡∏à‡∏£‡∏≤‡∏à‡∏£,‡∏£‡πâ‡∏≠‡∏á‡πÄ‡∏£‡∏µ‡∏¢‡∏ô,‡∏™‡∏≠‡∏ö‡∏ñ‡∏≤‡∏°,‡∏™‡∏∞‡∏û‡∏≤‡∏ô,‡∏™‡∏±‡∏ï‡∏ß‡πå‡∏à‡∏£‡∏à‡∏±‡∏î,‡∏™‡∏≤‡∏¢‡πÑ‡∏ü,‡∏´‡πâ‡∏≠‡∏á‡∏ô‡πâ‡∏≥,‡πÄ‡∏™‡∏ô‡∏≠‡πÅ‡∏ô‡∏∞,‡πÄ‡∏™‡∏µ‡∏¢‡∏á‡∏£‡∏ö‡∏Å‡∏ß‡∏ô,‡πÅ‡∏™‡∏á‡∏™‡∏ß‡πà‡∏≤‡∏á,organization_‡∏Ñ‡∏•‡∏≠‡∏á‡∏™‡∏≤‡∏°‡∏ß‡∏≤,organization_‡∏Ñ‡∏•‡∏≠‡∏á‡πÄ‡∏ï‡∏¢,organization_‡∏Ñ‡∏±‡∏ô‡∏ô‡∏≤‡∏¢‡∏≤‡∏ß,organization_‡∏à‡∏ï‡∏∏‡∏à‡∏±‡∏Å‡∏£,organization_‡∏à‡∏≠‡∏°‡∏ó‡∏≠‡∏á,organization_‡∏î‡∏≠‡∏ô‡πÄ‡∏°‡∏∑‡∏≠‡∏á,organization_‡∏î‡∏¥‡∏ô‡πÅ‡∏î‡∏á,organization_‡∏î‡∏∏‡∏™‡∏¥‡∏ï,organization_‡∏ï‡∏•‡∏¥‡πà‡∏á‡∏ä‡∏±‡∏ô,organization_‡∏ó‡∏ß‡∏µ‡∏ß‡∏±‡∏í‡∏ô‡∏≤,organization_‡∏ó‡∏∏‡πà‡∏á‡∏Ñ‡∏£‡∏∏,organization_‡∏ò‡∏ô‡∏ö‡∏∏‡∏£‡∏µ,organization_‡∏ö‡∏≤‡∏á‡∏Å‡∏≠‡∏Å‡∏ô‡πâ‡∏≠‡∏¢,organization_‡∏ö‡∏≤‡∏á‡∏Å‡∏≠‡∏Å‡πÉ‡∏´‡∏ç‡πà,organization_‡∏ö‡∏≤‡∏á‡∏Å‡∏∞‡∏õ‡∏¥,organization_‡∏ö‡∏≤‡∏á‡∏Ç‡∏∏‡∏ô‡πÄ‡∏ó‡∏µ‡∏¢‡∏ô,organization_‡∏ö‡∏≤‡∏á‡∏Ñ‡∏≠‡πÅ‡∏´‡∏•‡∏°,organization_‡∏ö‡∏≤‡∏á‡∏ã‡∏∑‡πà‡∏≠,organization_‡∏ö‡∏≤‡∏á‡∏ô‡∏≤,organization_‡∏ö‡∏≤‡∏á‡∏ö‡∏≠‡∏ô,organization_‡∏ö‡∏≤‡∏á‡∏û‡∏•‡∏±‡∏î,organization_‡∏ö‡∏≤‡∏á‡∏£‡∏±‡∏Å,organization_‡∏ö‡∏≤‡∏á‡πÄ‡∏Ç‡∏ô,organization_‡∏ö‡∏≤‡∏á‡πÅ‡∏Ñ,organization_‡∏ö‡∏∂‡∏á‡∏Å‡∏∏‡πà‡∏°,organization_‡∏õ‡∏ó‡∏∏‡∏°‡∏ß‡∏±‡∏ô,organization_‡∏õ‡∏£‡∏∞‡πÄ‡∏ß‡∏®,organization_‡∏õ‡πâ‡∏≠‡∏°‡∏õ‡∏£‡∏≤‡∏ö‡∏®‡∏±‡∏ï‡∏£‡∏π‡∏û‡πà‡∏≤‡∏¢,organization_‡∏û‡∏ç‡∏≤‡πÑ‡∏ó,organization_‡∏û‡∏£‡∏∞‡∏ô‡∏Ñ‡∏£,organization_‡∏û‡∏£‡∏∞‡πÇ‡∏Ç‡∏ô‡∏á,organization_‡∏†‡∏≤‡∏©‡∏µ‡πÄ‡∏à‡∏£‡∏¥‡∏ç,organization_‡∏°‡∏µ‡∏ô‡∏ö‡∏∏‡∏£‡∏µ,organization_‡∏¢‡∏≤‡∏ô‡∏ô‡∏≤‡∏ß‡∏≤,organization_‡∏£‡∏≤‡∏ä‡πÄ‡∏ó‡∏ß‡∏µ,organization_‡∏£‡∏≤‡∏©‡∏é‡∏£‡πå‡∏ö‡∏π‡∏£‡∏ì‡∏∞,organization_‡∏•‡∏≤‡∏î‡∏Å‡∏£‡∏∞‡∏ö‡∏±‡∏á,organization_‡∏•‡∏≤‡∏î‡∏û‡∏£‡πâ‡∏≤‡∏ß,organization_‡∏ß‡∏±‡∏á‡∏ó‡∏≠‡∏á‡∏´‡∏•‡∏≤‡∏á,organization_‡∏ß‡∏±‡∏í‡∏ô‡∏≤,organization_‡∏™‡∏ß‡∏ô‡∏´‡∏•‡∏ß‡∏á,organization_‡∏™‡∏∞‡∏û‡∏≤‡∏ô‡∏™‡∏π‡∏á,organization_‡∏™‡∏±‡∏°‡∏û‡∏±‡∏ô‡∏ò‡∏ß‡∏á‡∏®‡πå,organization_‡∏™‡∏≤‡∏ó‡∏£,organization_‡∏™‡∏≤‡∏¢‡πÑ‡∏´‡∏°,organization_‡∏´‡∏ô‡∏≠‡∏á‡∏à‡∏≠‡∏Å,organization_‡∏´‡∏ô‡∏≠‡∏á‡πÅ‡∏Ç‡∏°,organization_‡∏´‡∏•‡∏±‡∏Å‡∏™‡∏µ‡πà,organization_‡∏´‡πâ‡∏ß‡∏¢‡∏Ç‡∏ß‡∏≤‡∏á,time_taken,predicted_time
55,‡∏à‡∏∏‡∏î ‡∏ó‡∏¥‡πâ‡∏á ‡∏Ç‡∏¢‡∏∞,0,0,0,0,0,0,1,0,0,0,0,0,0,0,0,0,0,0,0,0,0,0,0,0,0.0,0.0,0.0,0.0,0.0,0.0,0.0,0.0,0.0,0.0,0.0,0.0,0.0,0.0,0.0,0.0,0.0,0.0,0.0,0.0,0.0,0.0,0.0,0.0,0.0,0.0,0.0,0.0,0.0,0.0,0.0,0.0,0.0,0.0,0.0,0.0,0.0,0.0,0.0,0.0,0.0,0.0,0.0,1.0,0.0,0.0,0.0,0.0,0.0,2827,272.1393
56,‡∏ó‡∏≤‡∏á‡πÄ‡∏ó‡πâ‡∏≤ ‡∏ú‡∏∏‡∏û‡∏±‡∏á,0,0,0,0,0,0,0,0,0,0,1,0,0,0,0,0,0,0,0,0,0,0,0,0,0.0,0.0,0.0,0.0,0.0,0.0,0.0,0.0,0.0,0.0,0.0,0.0,0.0,0.0,0.0,0.0,0.0,0.0,0.0,0.0,0.0,0.0,0.0,0.0,0.0,0.0,0.0,0.0,0.0,0.0,0.0,0.0,0.0,0.0,0.0,0.0,0.0,0.0,0.0,0.0,0.0,0.0,0.0,1.0,0.0,0.0,0.0,0.0,0.0,3026,63.231102
239,‡πÅ‡∏à‡πâ‡∏á ‡πÄ‡∏£‡∏∑‡πà‡∏≠‡∏á ‡∏Ñ‡∏≠‡∏ô‡πÄ‡∏™‡∏¥‡∏£‡πå‡∏ï ‡πÄ‡∏™‡∏µ‡∏¢‡∏á‡∏î‡∏±‡∏á,0,0,0,0,0,0,0,0,0,0,0,0,0,0,0,0,0,0,0,0,0,0,1,0,0.0,0.0,0.0,0.0,0.0,0.0,0.0,0.0,0.0,0.0,0.0,0.0,0.0,0.0,0.0,0.0,0.0,0.0,0.0,0.0,0.0,0.0,0.0,0.0,1.0,0.0,0.0,0.0,0.0,0.0,0.0,0.0,0.0,0.0,0.0,0.0,0.0,0.0,0.0,0.0,0.0,0.0,0.0,0.0,0.0,0.0,0.0,0.0,0.0,395,241.54578
253,‡∏£‡πâ‡∏≤‡∏ô ‡∏ß‡∏≤‡∏á ‡∏à‡∏≠‡∏î ‡∏£‡∏ñ ‡∏´‡∏ô‡πâ‡∏≤ ‡∏£‡πâ‡∏≤‡∏ô ‡πÄ‡∏ï‡πá‡∏° ‡∏£‡∏ñ ‡∏ã‡∏∑‡πâ‡∏≠ ‡∏à‡∏≠‡∏î ‡∏õ‡∏≤‡∏Å‡∏ã‡∏≠‡∏¢ ‡∏ß‡∏±‡∏á ‡∏´‡∏¥‡∏ô 34 ‡πÄ‡∏™‡πâ‡∏ô ‡∏Ç‡∏≤‡∏ß ‡πÅ‡∏î‡∏á ‡∏£‡∏ñ ‡∏ó‡∏µ‡πà‡∏à‡∏∞ ‡∏≠‡∏≠‡∏Å‡∏à‡∏≤‡∏Å ‡∏ã‡∏≠‡∏¢ ‡∏°‡∏≠‡∏á‡πÄ‡∏´‡πá‡∏ô ‡∏£‡∏ñ ‡∏ß‡∏¥‡πà‡∏á ‡∏ó‡∏≤‡∏á‡∏Ç‡∏ß‡∏≤ ‡∏≠‡∏∏‡∏ö‡∏±‡∏ï‡∏¥‡πÄ‡∏´‡∏ï‡∏∏ ‡∏ä‡∏ô ‡∏´‡∏ô‡πâ‡∏≤ ‡∏£‡πâ‡∏≤‡∏ô ‡∏ß‡∏≤‡∏á ‡∏Ç‡∏≤‡∏¢ ‡∏ó‡∏≤‡∏á‡πÄ‡∏ó‡πâ‡∏≤ ‡πÄ‡∏Å‡∏∞‡∏Å‡∏∞ ‡∏õ‡∏ä‡∏ä . ‡πÄ‡∏î‡∏¥‡∏ô ‡∏™‡∏∞‡∏î‡∏ß‡∏Å,0,0,1,0,0,0,0,0,0,0,1,0,0,0,0,0,0,0,0,0,0,0,0,0,0.0,0.0,0.0,0.0,0.0,0.0,0.0,0.0,0.0,0.0,0.0,0.0,0.0,0.0,0.0,0.0,0.0,0.0,0.0,0.0,0.0,0.0,0.0,0.0,0.0,0.0,0.0,0.0,0.0,0.0,0.0,0.0,0.0,0.0,0.0,0.0,0.0,1.0,0.0,0.0,0.0,0.0,0.0,0.0,0.0,0.0,0.0,0.0,0.0,3,241.54578
256,‡πÄ‡∏Ç‡∏ï ‡∏Ç‡∏∏‡∏ô ‡πÄ‡∏ó‡∏µ‡∏¢‡∏ô ‡∏ã‡∏≠‡∏¢ ‡πÄ‡∏ó‡∏µ‡∏¢‡∏ô ‡∏ó‡∏∞‡πÄ‡∏• 10 ‡πÄ‡∏™‡∏≤‡πÑ‡∏ü‡∏ü‡πâ‡∏≤ ‡∏ï‡∏£‡∏á‡∏Ç‡πâ‡∏≤‡∏° ‡∏´‡∏°‡∏π‡πà‡∏ö‡πâ‡∏≤‡∏ô ‡∏®‡∏¥ ‡∏ï‡∏≤ ‡∏ä‡∏≠‡∏ö ‡∏Ñ‡∏ô ‡πÄ‡∏ú‡∏≤ ‡∏Ç‡∏¢‡∏∞ ‡∏ó‡∏≥‡πÉ‡∏´‡πâ‡πÄ‡∏Å‡∏¥‡∏î ‡∏Å‡∏•‡∏¥‡πà‡∏ô ‡∏Ñ‡∏ß‡∏±‡∏ô ‡∏£‡∏ö‡∏Å‡∏ß‡∏ô ‡∏•‡∏∞‡πÅ‡∏ß‡∏Å‡∏ö‡πâ‡∏≤‡∏ô ‡∏ú‡∏° ‡∏ú‡∏° ‡∏õ‡∏£‡∏∞‡∏´‡∏¢‡∏±‡∏î ‡πÅ‡∏≠‡∏£‡πå ‡∏´‡∏ô‡∏±‡∏á ‡∏î‡∏π ‡∏ß‡∏±‡∏ô‡∏´‡∏¢‡∏∏‡∏î ‡∏Ñ‡∏ß‡∏±‡∏ô ‡∏Å‡∏•‡∏¥‡πà‡∏ô ‡∏£‡∏ö‡∏Å‡∏ß‡∏ô ‡∏õ‡∏±‡∏ç‡∏´‡∏≤ ‡∏ù‡∏∏‡πà‡∏ô pm ‡∏¢‡∏±‡∏á‡∏°‡∏µ ‡∏Ñ‡∏ß‡∏±‡∏ô ‡∏£‡∏ö‡∏Å‡∏ß‡∏ô,0,0,0,0,0,0,1,0,0,0,0,0,0,0,0,0,0,0,0,0,0,0,0,0,0.0,0.0,0.0,0.0,0.0,0.0,0.0,0.0,0.0,0.0,0.0,0.0,0.0,0.0,0.0,1.0,0.0,0.0,0.0,0.0,0.0,0.0,0.0,0.0,0.0,0.0,0.0,0.0,0.0,0.0,0.0,0.0,0.0,0.0,0.0,0.0,0.0,0.0,0.0,0.0,0.0,0.0,0.0,0.0,0.0,0.0,0.0,0.0,0.0,534,69.70645
260,‡πÇ‡∏î‡∏ô ‡∏ï‡∏±‡∏ß ‡∏£‡∏ñ ‡∏•‡πâ‡∏° ‡∏ñ‡∏ô‡∏ô ‡∏õ‡∏£‡∏∞‡∏ä‡∏≤ ‡∏£‡∏≤ ‡∏©‡∏è‡∏£‡πå ‡∏™‡∏≤‡∏¢ 1 2 ‡∏ó‡∏≥ ‡∏ñ‡∏ô‡∏ô ‡∏™‡∏±‡∏Å‡∏ó‡∏µ,0,0,0,0,0,0,0,0,0,1,0,0,0,0,0,0,0,0,0,0,0,0,0,0,0.0,0.0,0.0,0.0,0.0,0.0,0.0,0.0,0.0,0.0,0.0,0.0,0.0,0.0,0.0,0.0,0.0,1.0,0.0,0.0,0.0,0.0,0.0,0.0,0.0,0.0,0.0,0.0,0.0,0.0,0.0,0.0,0.0,0.0,0.0,0.0,0.0,0.0,0.0,0.0,0.0,0.0,0.0,0.0,0.0,0.0,0.0,0.0,0.0,1434,847.13525
262,‡∏´‡∏ô‡πà‡∏ß‡∏¢‡∏á‡∏≤‡∏ô ‡∏Ç‡∏∏‡∏î ‡∏ñ‡∏ô‡∏ô ‡∏ã‡πà‡∏≠‡∏° ‡πÅ‡∏¢‡πà‡∏°‡∏≤‡∏Å ‡∏ã‡∏≠‡∏¢ ‡∏õ‡∏£‡∏∞‡∏î‡∏¥ ‡∏û‡∏±‡∏ó‡∏ò‡πå 23 ‡πÄ‡∏Ç‡∏ï ‡∏û‡∏ç‡∏≤‡πÑ‡∏ó,0,0,0,0,0,0,0,0,0,1,0,0,0,0,0,0,0,0,0,0,0,0,0,0,0.0,0.0,0.0,0.0,0.0,0.0,0.0,0.0,0.0,0.0,0.0,0.0,0.0,0.0,0.0,0.0,0.0,0.0,0.0,0.0,0.0,0.0,0.0,0.0,0.0,0.0,0.0,0.0,1.0,0.0,0.0,0.0,0.0,0.0,0.0,0.0,0.0,0.0,0.0,0.0,0.0,0.0,0.0,0.0,0.0,0.0,0.0,0.0,0.0,495,367.37817
267,‡πÅ‡∏Å‡πâ‡∏õ‡∏±‡∏ç‡∏´‡∏≤ ‡∏Ñ‡∏ô ‡∏õ‡∏•‡∏π‡∏Å ‡∏™‡∏£‡πâ‡∏≤‡∏á‡∏ö‡πâ‡∏≤‡∏ô ‡∏ñ‡∏ô‡∏ô‡∏™‡∏≤‡∏ò‡∏≤‡∏£‡∏ì‡∏∞,0,0,0,0,0,0,0,0,0,1,0,0,0,0,0,0,0,0,0,0,0,0,0,0,0.0,0.0,0.0,0.0,0.0,0.0,0.0,0.0,0.0,0.0,0.0,0.0,0.0,0.0,0.0,0.0,0.0,0.0,0.0,0.0,0.0,0.0,1.0,0.0,0.0,0.0,0.0,0.0,0.0,0.0,0.0,0.0,0.0,0.0,0.0,0.0,0.0,0.0,0.0,0.0,0.0,0.0,0.0,0.0,0.0,0.0,0.0,0.0,0.0,620,178.41003
273,‡πÄ ‡πÄ‡∏à‡πâ‡∏á ‡∏Ç‡πâ‡∏≠‡∏°‡∏π‡∏• ‡∏ô‡πâ‡∏≥‡∏ó‡πà‡∏ß‡∏° ‡∏ô‡πâ‡∏≥ ‡∏Ç‡∏±‡∏á ‡∏ã‡∏≠‡∏¢ ‡∏•‡∏≤‡∏î‡∏û‡∏£‡πâ‡∏≤‡∏ß 93 ‡∏´‡∏°‡∏π‡πà‡∏ö‡πâ‡∏≤‡∏ô ‡∏õ‡∏£‡∏∞‡∏ä‡∏≤‡∏Å‡∏£ ‡πÑ‡∏ó‡∏¢ ‡∏ã‡∏≠‡∏¢ 5 ‡∏ó‡πâ‡∏≤‡∏¢ ‡∏ã‡∏≠‡∏¢ ( ‡∏ö‡∏£‡∏¥‡πÄ‡∏ß‡∏ì ‡πÄ‡∏´‡∏°‡∏∑‡∏≠‡∏ô ‡∏£‡∏∞‡∏î‡∏±‡∏ö ‡∏ï‡πà‡∏≥‡∏Å‡∏ß‡πà‡∏≤ ‡∏ã‡∏≠‡∏¢ ‡πÄ ‡πÄ‡∏•‡∏∞ ‡∏ô‡πâ‡∏≥ ‡∏Ç‡∏±‡∏á ‡∏õ‡∏Å‡∏ï‡∏¥ ),0,0,0,0,0,0,0,0,0,0,0,0,1,0,0,0,0,0,0,0,0,0,0,0,0.0,0.0,0.0,0.0,0.0,0.0,0.0,0.0,0.0,0.0,0.0,0.0,0.0,0.0,0.0,0.0,0.0,0.0,0.0,0.0,0.0,0.0,0.0,0.0,0.0,0.0,0.0,0.0,0.0,0.0,0.0,0.0,0.0,0.0,0.0,0.0,0.0,0.0,1.0,0.0,0.0,0.0,0.0,0.0,0.0,0.0,0.0,0.0,0.0,491,91.07417
283,‡∏õ‡∏•‡πà‡∏≠‡∏¢ ‡∏ô‡πâ‡∏≥ ‡∏™‡∏≤‡∏£‡πÄ‡∏Ñ‡∏°‡∏µ ‡∏ö‡∏£‡∏¥‡πÄ‡∏ß‡∏ì ‡∏™‡∏ñ‡∏≤‡∏ô‡∏µ ‡∏™‡∏π‡∏ö‡∏ô‡πâ‡∏≥ ‡∏Ñ‡∏•‡∏≠‡∏á ‡∏ï‡∏≤ ‡∏´‡∏ô‡∏±‡∏á ‡∏ó‡πà‡∏≤‡πÄ‡∏£‡∏∑‡∏≠ ‡πÄ‡∏î‡∏≠‡∏∞ ‡∏°‡∏≠‡∏•‡∏•‡πå ‡∏Å‡∏∞‡∏õ‡∏¥ ‡∏≠‡∏≤‡∏à‡∏≤‡∏£‡∏¢‡πå,0,0,0,0,1,0,0,0,0,0,0,0,0,0,0,0,0,0,0,0,0,0,0,0,0.0,0.0,0.0,0.0,0.0,0.0,0.0,0.0,0.0,0.0,0.0,0.0,0.0,0.0,1.0,0.0,0.0,0.0,0.0,0.0,0.0,0.0,0.0,0.0,0.0,0.0,0.0,0.0,0.0,0.0,0.0,0.0,0.0,0.0,0.0,0.0,0.0,0.0,0.0,0.0,0.0,0.0,0.0,0.0,0.0,0.0,0.0,0.0,0.0,810,745.72925
293,‡∏™‡∏ß‡∏±‡∏™‡∏î‡∏µ ‡∏ó‡πà‡∏≤‡∏ô ‡∏ú‡∏π‡πâ‡∏ß‡πà‡∏≤ ‡∏ä‡∏±‡∏ä‡∏ä‡∏≤‡∏ï‡∏¥ ‡∏ó‡πà‡∏≤‡∏ô ‡∏ú‡∏π‡πâ‡∏ä‡πà‡∏ß‡∏¢ ‡∏ú‡∏° ‡πÅ‡∏à‡πâ‡∏á ‡∏õ‡∏±‡∏ç‡∏´‡∏≤ ‡πÄ‡∏£‡∏∑‡πà‡∏≠‡∏á ‡∏ñ‡∏ô‡∏ô ‡∏ã‡∏≠‡∏¢ ‡πÄ‡∏û‡∏ä‡∏£‡πÄ‡∏Å‡∏©‡∏° 68 ‡πÅ‡∏¢‡∏Å 42 ‡πÄ‡∏Ç‡∏ï ‡∏ö‡∏≤‡∏á‡πÅ‡∏Ñ ‡πÅ‡∏Ç‡∏ß‡∏á ‡∏ö‡∏≤‡∏á‡πÅ‡∏Ñ ‡πÄ‡∏´‡∏ô‡∏∑‡∏≠ ‡∏ñ‡∏ô‡∏ô ‡πÅ‡∏¢‡∏Å 42 ‡∏´‡∏•‡∏∏‡∏° ‡∏ö‡πà‡∏≠ ‡πÄ‡∏ß‡∏•‡∏≤ ‡∏ù‡∏ô‡∏ï‡∏Å ‡∏•‡∏≥‡∏ö‡∏≤‡∏Å ‡∏™‡∏≥‡∏´‡∏£‡∏±‡∏ö ‡∏Ñ‡∏ô‡πÄ‡∏î‡∏¥‡∏ô‡πÄ‡∏ó‡πâ‡∏≤ ‡∏õ‡∏•. ‡∏ã‡∏≠‡∏¢ ‡∏™‡πà‡∏ß‡∏ô‡∏ö‡∏∏‡∏Ñ‡∏Ñ‡∏• ‡∏´‡∏ô‡πà‡∏ß‡∏¢‡∏á‡∏≤‡∏ô ‡πÄ‡∏Ç‡πâ‡∏≤‡∏°‡∏≤ ‡∏≠‡∏¢‡∏≤‡∏Å‡πÑ‡∏î‡πâ ‡∏ñ‡∏ô‡∏ô ‡∏Ñ‡∏≠‡∏ô‡∏Å‡∏£‡∏µ‡∏ï ‡∏Ç‡∏≠‡πÉ‡∏´‡πâ ‡∏ñ‡∏ô‡∏ô ‡∏î‡∏µ‡∏Ç‡∏∂‡πâ‡∏ô ‡∏î‡∏µ ‡∏Ç‡∏≠‡∏ö‡∏Ñ‡∏∏‡∏ì ‡∏•‡πà‡∏ß‡∏á‡∏´‡∏ô‡πâ‡∏≤ üôè,0,0,0,0,0,0,0,0,0,1,0,0,0,0,0,0,0,0,0,0,0,0,0,0,0.0,0.0,0.0,0.0,0.0,0.0,0.0,0.0,0.0,0.0,0.0,0.0,0.0,0.0,0.0,0.0,0.0,0.0,0.0,0.0,0.0,0.0,0.0,1.0,0.0,0.0,0.0,0.0,0.0,0.0,0.0,0.0,0.0,0.0,0.0,0.0,0.0,0.0,0.0,0.0,0.0,0.0,0.0,0.0,0.0,0.0,0.0,0.0,0.0,2381,208.15942
304,‡πÄ‡∏£‡∏∑‡πà‡∏≠‡∏á ‡∏™‡∏£‡πâ‡∏≤‡∏á ‡∏õ‡∏±‡πä‡∏°‡∏ô‡πâ‡∏≥‡∏°‡∏±‡∏ô ‡∏õ‡∏ï‡∏ó. ‡∏ö‡∏£‡∏¥‡πÄ‡∏ß‡∏ì ‡πÅ‡∏¢‡∏Å ‡∏Å‡∏•‡πâ‡∏ß‡∏¢ ‡∏ô‡πâ‡∏≥ ‡πÑ‡∏ó ‡∏ñ‡∏ô‡∏ô ‡∏û‡∏£‡∏∞‡∏£‡∏≤‡∏° 4 ‡∏ù‡∏±‡πà‡∏á ‡∏°‡∏∏‡πà‡∏á‡∏´‡∏ô‡πâ‡∏≤ ‡∏û‡∏£‡∏∞ ‡πÇ‡∏Ç‡∏ô‡∏á ‡πÅ‡∏ô‡πà‡πÉ‡∏à ‡πÇ‡∏Ñ‡∏£‡∏á‡∏Å‡∏≤‡∏£ ‡∏à‡∏≥‡πÄ‡∏õ‡πá‡∏ô‡∏ï‡πâ‡∏≠‡∏á ‡∏£‡∏≤‡∏¢‡∏á‡∏≤‡∏ô ‡∏®‡∏∂‡∏Å‡∏©‡∏≤ ‡∏ú‡∏•‡∏Å‡∏£‡∏∞‡∏ó‡∏ö ‡∏™‡∏†‡∏≤‡∏û‡πÅ‡∏ß‡∏î‡∏•‡πâ‡∏≠‡∏° ‡∏£‡∏≠‡∏ö‡∏Ç‡πâ‡∏≤‡∏á ‡∏Ç‡∏ô‡∏≤‡∏î ‡∏£‡πâ‡∏≤‡∏ô ‡πÅ‡∏Å‡πá‡∏™ ‡∏õ‡∏±‡πä‡∏° ‡∏Å‡∏•‡∏≤‡∏á‡πÄ‡∏°‡∏∑‡∏≠‡∏á ‡∏Ç‡∏ô‡∏≤‡∏î‡πÉ‡∏´‡∏ç‡πà 5 ‡πÑ‡∏£‡πà,0,0,0,0,0,0,0,0,0,1,0,0,0,0,0,0,0,0,0,0,0,0,0,0,0.0,1.0,0.0,0.0,0.0,0.0,0.0,0.0,0.0,0.0,0.0,0.0,0.0,0.0,0.0,0.0,0.0,0.0,0.0,0.0,0.0,0.0,0.0,0.0,0.0,0.0,0.0,0.0,0.0,0.0,0.0,0.0,0.0,0.0,0.0,0.0,0.0,0.0,0.0,0.0,0.0,0.0,0.0,0.0,0.0,0.0,0.0,0.0,0.0,405,216.51855
320,‡πÅ‡∏à‡πâ‡∏á ‡πÄ‡∏£‡∏∑‡πà‡∏≠‡∏á ‡∏õ‡∏±‡∏ç‡∏´‡∏≤ ‡∏Å‡∏≠‡∏á ‡∏Ç‡∏¢‡∏∞ ‡∏ã‡∏≠‡∏¢ ‡πÄ‡∏≠‡∏Å ‡∏ä‡∏±‡∏¢ 8 ‡∏£‡∏ñ‡∏Ç‡∏ô‡∏Ç‡∏¢‡∏∞ ‡∏ó‡∏¥‡πâ‡∏á ‡∏à‡∏≥‡∏ô‡∏ß‡∏ô‡∏°‡∏≤‡∏Å ‡πÇ‡∏î‡∏¢‡∏™‡πà‡∏ß‡∏ô‡πÉ‡∏´‡∏ç‡πà ‡πÄ‡∏ü‡∏≠‡∏£‡πå‡∏ô‡∏¥‡πÄ‡∏à‡∏≠‡∏£‡πå ‡∏ó‡∏¥‡πâ‡∏á ‡πÄ‡∏õ‡∏•‡∏∑‡∏≠‡∏Å ‡∏ó‡∏∏‡πÄ‡∏£‡∏µ‡∏¢‡∏ô ‡∏Ç‡∏¢‡∏∞ ‡∏ä‡∏¥‡πâ‡∏ô ‡∏ñ‡∏≤‡∏° ‡∏ó‡∏¥‡πâ‡∏á ‡πÑ‡∏î‡πâ‡∏¢‡∏¥‡∏ô ‡∏ï‡∏≠‡∏ö ‡∏Å‡∏•‡∏±‡∏ö‡∏°‡∏≤ ‡∏ú‡∏π‡πâ‡πÉ‡∏´‡∏ç‡πà ‡∏î‡∏≥,0,0,0,0,0,0,1,0,0,0,0,0,0,0,0,0,0,0,0,0,0,0,0,0,0.0,0.0,0.0,0.0,1.0,0.0,0.0,0.0,0.0,0.0,0.0,0.0,0.0,0.0,0.0,0.0,0.0,0.0,0.0,0.0,0.0,0.0,0.0,0.0,0.0,0.0,0.0,0.0,0.0,0.0,0.0,0.0,0.0,0.0,0.0,0.0,0.0,0.0,0.0,0.0,0.0,0.0,0.0,0.0,0.0,0.0,0.0,0.0,0.0,702,298.99875
330,‡∏Ç‡∏¢‡∏∞ ‡πÅ‡∏¢‡∏Å ‡∏™‡∏∞‡∏û‡∏≤‡∏ô ‡∏Ñ‡∏ß‡∏≤‡∏¢,0,0,0,0,0,0,1,0,0,0,0,0,0,0,0,0,0,1,0,0,0,0,0,0,0.0,0.0,0.0,0.0,0.0,0.0,0.0,0.0,0.0,0.0,0.0,0.0,0.0,0.0,0.0,0.0,0.0,0.0,0.0,0.0,0.0,0.0,0.0,0.0,0.0,0.0,0.0,0.0,1.0,0.0,0.0,0.0,0.0,0.0,0.0,0.0,0.0,0.0,0.0,0.0,0.0,0.0,0.0,0.0,0.0,0.0,0.0,0.0,0.0,1709,195.78253
331,‡∏ù‡∏≤ ‡∏ó‡πà‡∏≠ ‡∏´‡∏≤‡∏¢ ‡∏ã‡∏≠‡∏¢ ‡∏û‡∏´‡∏•‡πÇ‡∏¢‡∏ò‡∏¥‡∏ô 13,0,0,0,0,0,0,0,0,0,0,0,1,0,0,0,0,0,0,0,0,0,0,0,0,0.0,0.0,0.0,0.0,0.0,0.0,0.0,0.0,0.0,0.0,0.0,0.0,0.0,0.0,0.0,0.0,0.0,0.0,0.0,0.0,0.0,0.0,0.0,0.0,0.0,0.0,0.0,0.0,1.0,0.0,0.0,0.0,0.0,0.0,0.0,0.0,0.0,0.0,0.0,0.0,0.0,0.0,0.0,0.0,0.0,0.0,0.0,0.0,0.0,1870,87.282486
353,‡∏Ç‡∏≠‡∏£‡πâ‡∏≠‡∏á ‡πÄ‡∏£‡∏∑‡πà‡∏≠‡∏á ‡∏ô‡πâ‡∏≥‡∏ó‡πà‡∏ß‡∏° ‡∏ã. ‡∏ä‡πà‡∏≤‡∏á ‡∏≠‡∏≤‡∏Å‡∏≤‡∏® ‡∏≠‡∏∏‡∏ó‡∏¥‡∏® 15 /1 ‡∏ñ‡∏ô‡∏ô ‡∏ä‡πà‡∏≤‡∏á ‡∏≠‡∏≤‡∏Å‡∏≤‡∏® ‡∏≠‡∏∏‡∏ó‡∏¥‡∏® ‡πÅ‡∏Ç‡∏ß‡∏á ‡∏î‡∏≠‡∏ô‡πÄ‡∏°‡∏∑‡∏≠‡∏á ‡πÄ‡∏Ç‡∏ï ‡∏î‡∏≠‡∏ô‡πÄ‡∏°‡∏∑‡∏≠‡∏á ‡∏ã‡∏≠‡∏¢ ‡∏ï‡∏¥‡∏î‡∏Å‡∏±‡∏ö ‡πÇ‡∏Ñ‡∏£‡∏á ‡∏Å‡∏≤‡∏£‡∏ö‡πâ‡∏≤‡∏ô ap ‡∏ä‡∏∑‡πà‡∏≠ centro ‡∏ß‡∏¥‡∏†‡∏≤‡∏ß‡∏î‡∏µ ‡∏õ‡∏Å‡∏ï‡∏¥ ‡∏ã‡∏≠‡∏¢ ‡∏ö‡πâ‡∏≤‡∏ô ‡∏ù‡∏ô ‡∏ï‡∏Å‡∏ô‡πâ‡∏≥ ‡∏ó‡πà‡∏ß‡∏° ‡∏´‡∏ô‡∏±‡∏Å ‡∏Ç‡∏ô‡∏≤‡∏î ‡∏ó‡πà‡∏ß‡∏° ‡∏´‡∏ô‡∏±‡∏Å ‡∏ù‡∏ô‡∏ï‡∏Å ‡∏ó‡∏±‡πâ‡∏á‡∏ß‡∏±‡∏ô‡∏ó‡∏±‡πâ‡∏á‡∏Ñ‡∏∑‡∏ô ‡∏ï‡∏¥‡∏î‡∏ï‡πà‡∏≠‡∏Å‡∏±‡∏ô 2 - 3 ‡πÇ‡∏Ñ‡∏£‡∏á‡∏Å‡∏≤‡∏£ centro ‡∏ß‡∏¥‡∏†‡∏≤‡∏ß‡∏î‡∏µ ‡∏™‡∏£‡πâ‡∏≤‡∏á ‡∏´‡∏°‡∏π‡πà‡∏ö‡πâ‡∏≤‡∏ô ‡∏ô‡πâ‡∏≥ ‡∏ó‡πà‡∏ß‡∏° ‡∏ù‡∏ô‡∏ï‡∏Å 15 ‡∏ô‡∏≤‡∏ó‡∏µ ‡∏ô‡πâ‡∏≥ ‡∏°‡∏≤‡∏à‡∏≤‡∏Å ‡πÇ‡∏Ñ‡∏£‡∏á‡∏Å‡∏≤‡∏£ ‡∏´‡∏°‡∏π‡πà‡∏ö‡πâ‡∏≤‡∏ô ‡∏ô‡πâ‡∏≥ ‡∏£‡∏∞‡∏ö‡∏≤‡∏¢ ‡∏ã‡∏≠‡∏¢ ‡∏ó‡πà‡∏≠‡∏£‡∏∞‡∏ö‡∏≤‡∏¢‡∏ô‡πâ‡∏≥ ‡∏õ‡∏£‡∏∞‡∏™‡∏≤‡∏ô‡∏á‡∏≤‡∏ô ‡πÇ‡∏Ñ‡∏£‡∏á‡∏Å‡∏≤‡∏£ ‡∏´‡∏°‡∏π‡πà‡∏ö‡πâ‡∏≤‡∏ô ‡∏™‡∏≥‡∏ô‡∏±‡∏Å‡∏á‡∏≤‡∏ô‡πÄ‡∏Ç‡∏ï ‡∏î‡∏≠‡∏ô‡πÄ‡∏°‡∏∑‡∏≠‡∏á ‡∏ä‡πà‡∏ß‡∏¢‡πÄ‡∏´‡∏•‡∏∑‡∏≠ ‡πÅ‡∏Å‡πâ‡πÑ‡∏Ç‡∏õ‡∏±‡∏ç‡∏´‡∏≤ ‡∏ù‡∏ô ‡∏ï‡∏Å‡∏ô‡πâ‡∏≥ ‡∏ó‡πà‡∏ß‡∏° ‡πÄ‡∏î‡∏∑‡∏≠‡∏î‡∏£‡πâ‡∏≠‡∏ô ‡∏ã‡∏≠‡∏¢ ‡∏ù‡∏ô‡∏ï‡∏Å ‡∏ô‡πâ‡∏≥ ‡∏ó‡πà‡∏ß‡∏° ‡πÄ‡∏Ç‡πâ‡∏≤‡πÑ‡∏õ ‡∏ö‡πâ‡∏≤‡∏ô ‡∏ö‡πâ‡∏≤‡∏ô ‡∏ã‡∏≠‡∏¢ ‡πÄ‡∏î‡∏∑‡∏≠‡∏î‡∏£‡πâ‡∏≠‡∏ô ‡πÄ‡∏Ç‡πâ‡∏≤‡∏°‡∏≤ ‡πÅ‡∏Å‡πâ‡∏õ‡∏±‡∏ç‡∏´‡∏≤ ‡∏ñ‡∏≤‡∏ß‡∏£ ‡∏Ñ‡∏•‡∏¥‡∏õ ‡πÅ‡∏ô‡∏ö ‡∏ß‡∏±‡∏ô‡∏ó‡∏µ‡πà 9 ‡∏û‡∏§‡∏©‡∏†‡∏≤‡∏Ñ‡∏° 2565 ‡πÄ‡∏ß‡∏•‡∏≤ 18.31 ‡∏ô. ‡∏ô‡πâ‡∏≥ ‡∏ó‡πà‡∏ß‡∏° ‡∏ù‡∏ô ‡∏ï‡∏Å‡∏•‡∏á ‡πÅ‡∏ö‡∏ö‡∏ô‡∏µ‡πâ ‡∏ï‡πà‡∏≠‡πÑ‡∏õ ‡∏ô‡πâ‡∏≥‡∏ó‡πà‡∏ß‡∏° ‡∏Ç‡∏ô‡∏≤‡∏î ‡∏§‡∏î‡∏π‡∏ù‡∏ô ‡∏ô‡∏∞‡∏Ñ‡∏∞ ‡∏§‡∏î‡∏π‡∏ù‡∏ô ‡∏°‡∏¥‡∏î ‡∏´‡∏•‡∏±‡∏á‡∏Ñ‡∏≤ ‡∏ö‡πâ‡∏≤‡∏ô ‡∏ù‡∏≤‡∏Å ‡∏≠‡∏≤‡∏à‡∏≤‡∏£‡∏¢‡πå ‡∏Å‡∏£‡∏∞‡∏ö‡∏≠‡∏Å‡πÄ‡∏™‡∏µ‡∏¢‡∏á ‡∏ô‡∏∞‡∏Ñ‡∏∞ ‡∏à‡∏ô‡∏õ‡∏±‡∏ç‡∏ç‡∏≤,0,0,0,0,0,0,0,0,0,1,0,1,1,0,0,0,0,0,0,0,0,0,0,0,0.0,0.0,0.0,0.0,0.0,1.0,0.0,0.0,0.0,0.0,0.0,0.0,0.0,0.0,0.0,0.0,0.0,0.0,0.0,0.0,0.0,0.0,0.0,0.0,0.0,0.0,0.0,0.0,0.0,0.0,0.0,0.0,0.0,0.0,0.0,0.0,0.0,0.0,0.0,0.0,0.0,0.0,0.0,0.0,0.0,0.0,0.0,0.0,0.0,290,155.35347
356,‡∏ô‡πâ‡∏≥‡∏ó‡πà‡∏ß‡∏°,0,0,0,0,0,0,0,0,0,0,0,0,1,0,0,0,0,0,0,0,0,0,0,0,0.0,0.0,0.0,0.0,0.0,0.0,0.0,0.0,0.0,0.0,0.0,0.0,0.0,0.0,0.0,0.0,0.0,0.0,0.0,0.0,0.0,0.0,0.0,0.0,0.0,0.0,0.0,0.0,0.0,0.0,0.0,0.0,0.0,0.0,0.0,1.0,0.0,0.0,0.0,0.0,0.0,0.0,0.0,0.0,0.0,0.0,0.0,0.0,0.0,383,483.9627
361,‡∏Ñ‡∏•‡∏≠‡∏á ‡∏ó‡∏≤‡∏á‡πÄ‡∏Ç‡πâ‡∏≤ ‡∏´‡∏°‡∏π‡πà‡∏ö‡πâ‡∏≤‡∏ô ‡∏ô‡∏±‡∏ô‡∏ó‡∏¥ ‡∏®‡∏≤ ‡∏ã‡∏≠‡∏¢ ‡∏Ñ‡∏π‡πâ ‡∏ö‡∏≠‡∏ô 30 ‡∏Ñ‡∏•‡∏≠‡∏á ‡∏™‡∏≤‡∏°‡∏ß‡∏≤,0,0,0,0,1,0,0,0,0,0,0,0,0,0,0,0,0,0,0,0,0,0,0,0,1.0,0.0,0.0,0.0,0.0,0.0,0.0,0.0,0.0,0.0,0.0,0.0,0.0,0.0,0.0,0.0,0.0,0.0,0.0,0.0,0.0,0.0,0.0,0.0,0.0,0.0,0.0,0.0,0.0,0.0,0.0,0.0,0.0,0.0,0.0,0.0,0.0,0.0,0.0,0.0,0.0,0.0,0.0,0.0,0.0,0.0,0.0,0.0,0.0,3256,213.69508
371,‡∏ô‡πâ‡∏≥‡∏ó‡πà‡∏ß‡∏°,0,0,0,0,0,0,0,0,0,0,0,0,1,0,0,0,0,0,0,0,0,0,0,0,0.0,0.0,0.0,0.0,0.0,0.0,0.0,0.0,0.0,0.0,0.0,0.0,0.0,0.0,0.0,0.0,0.0,0.0,0.0,0.0,0.0,0.0,0.0,0.0,0.0,0.0,0.0,0.0,0.0,0.0,0.0,0.0,0.0,0.0,0.0,1.0,0.0,0.0,0.0,0.0,0.0,0.0,0.0,0.0,0.0,0.0,0.0,0.0,0.0,383,228.54335
374,‡πÑ‡∏ü‡πÑ‡∏´‡∏°‡πâ,0,0,0,0,0,0,0,0,0,0,0,0,0,0,0,0,0,0,0,0,0,0,0,1,0.0,0.0,0.0,0.0,0.0,0.0,0.0,0.0,0.0,0.0,0.0,0.0,0.0,0.0,0.0,0.0,0.0,1.0,0.0,0.0,0.0,0.0,0.0,0.0,0.0,0.0,0.0,0.0,0.0,0.0,0.0,0.0,0.0,0.0,0.0,0.0,0.0,0.0,0.0,0.0,0.0,0.0,0.0,0.0,0.0,0.0,0.0,0.0,0.0,2468,127.11743
395,‡∏´‡∏°‡∏π‡πà‡∏ö‡πâ‡∏≤‡∏ô ‡∏õ‡∏£‡∏¥ ‡∏ç‡∏ç ‡∏î‡∏≤ ‡∏ñ‡∏ô‡∏ô ‡∏ö‡∏≤‡∏á‡πÅ‡∏ß‡∏Å ‡πÅ‡∏Ç‡∏ß‡∏á ‡πÑ‡∏ú‡πà ‡πÄ‡∏Ç‡∏ï ‡∏ö‡∏≤‡∏á‡πÅ‡∏Ñ ‡∏õ‡∏±‡∏ç‡∏´‡∏≤ ‡∏£‡∏ñ ‡∏Ç‡∏¢‡∏∞ ‡πÄ‡∏Ç‡πâ‡∏≤‡∏°‡∏≤ ‡∏Ñ‡∏≠‡∏¢ ‡πÇ‡∏ó‡∏£ ‡πÄ‡∏Ç‡πâ‡∏≤‡∏°‡∏≤ ‡πÇ‡∏î‡∏¢‡∏õ‡∏£‡∏∞‡∏°‡∏≤‡∏ì 10 ‡∏£‡∏≠‡∏ö ‡πÄ‡∏Ç‡∏ï ‡∏ö‡∏≠ ‡∏ï‡∏≤‡∏£‡∏≤‡∏á ‡πÄ‡∏Ç‡πâ‡∏≤‡∏°‡∏≤ ‡∏≠‡∏≤‡∏ó‡∏¥‡∏ï‡∏¢‡πå ‡∏ï‡∏≤‡∏°‡∏ô‡∏±‡πâ‡∏ô ‡∏£‡πâ‡∏≠‡∏á‡πÄ‡∏£‡∏µ‡∏¢‡∏ô ‡∏£‡∏≠‡∏ö,0,0,0,0,0,0,0,0,0,1,0,0,0,0,0,0,0,0,0,0,0,0,0,0,0.0,0.0,0.0,0.0,0.0,0.0,0.0,0.0,0.0,0.0,0.0,0.0,0.0,0.0,0.0,0.0,0.0,0.0,0.0,0.0,0.0,0.0,0.0,1.0,0.0,0.0,0.0,0.0,0.0,0.0,0.0,0.0,0.0,0.0,0.0,0.0,0.0,0.0,0.0,0.0,0.0,0.0,0.0,0.0,0.0,0.0,0.0,0.0,0.0,1151,380.80646
396,‡πÄ‡∏Ç‡∏ï ‡∏Ñ‡∏•‡∏≠‡∏á ‡πÄ‡∏ï‡∏¢ ‡∏ï‡∏≠‡∏ô ‡∏ù‡∏ô ‡∏ï‡∏Å‡∏´‡∏ô‡∏±‡∏Å ‡∏ô‡πâ‡∏≥‡∏ó‡πà‡∏ß‡∏° ‡∏£‡∏∞‡∏ö‡∏≤‡∏¢ ‡∏ä‡∏∏‡∏°‡∏ä‡∏ô ‡πÅ‡∏ü‡∏•‡∏ï 11 - 18,0,0,0,0,0,0,0,0,0,0,0,0,1,0,0,0,0,0,0,0,0,0,0,0,0.0,1.0,0.0,0.0,0.0,0.0,0.0,0.0,0.0,0.0,0.0,0.0,0.0,0.0,0.0,0.0,0.0,0.0,0.0,0.0,0.0,0.0,0.0,0.0,0.0,0.0,0.0,0.0,0.0,0.0,0.0,0.0,0.0,0.0,0.0,0.0,0.0,0.0,0.0,0.0,0.0,0.0,0.0,0.0,0.0,0.0,0.0,0.0,0.0,720,556.22516
403,‡πÅ‡∏à‡πâ‡∏á ‡πÄ‡∏£‡∏∑‡πà‡∏≠‡∏á ‡∏ö‡∏£‡∏¥‡πÄ‡∏ß‡∏ì ‡∏ã‡∏≠‡∏¢ ‡∏™‡∏∏‡∏Ñ‡∏ô‡∏ò ‡∏™‡∏ß‡∏±‡∏™‡∏î‡∏¥‡πå 11 ‡∏£‡πâ‡∏≤‡∏ô‡∏≠‡∏≤‡∏´‡∏≤‡∏£ ‡∏Ç‡∏¢‡∏∞ ‡∏ó‡∏¥‡πâ‡∏á ‡∏ü‡∏∏‡∏ï ‡∏ö‡∏≤‡∏ï ‡∏™‡πà‡∏á‡∏Å‡∏•‡∏¥‡πà‡∏ô ‡πÄ‡∏´‡∏°‡πá‡∏ô ‡πÇ‡∏ä‡∏¢ ‡∏ó‡∏≤‡∏á‡πÄ‡∏ó‡πâ‡∏≤,0,0,0,0,0,0,1,0,0,0,0,0,0,0,0,0,0,0,0,0,0,0,0,0,0.0,0.0,0.0,0.0,0.0,0.0,0.0,0.0,0.0,0.0,0.0,0.0,0.0,0.0,0.0,0.0,0.0,0.0,0.0,0.0,0.0,0.0,0.0,0.0,0.0,0.0,0.0,0.0,0.0,0.0,0.0,0.0,0.0,0.0,0.0,0.0,0.0,1.0,0.0,0.0,0.0,0.0,0.0,0.0,0.0,0.0,0.0,0.0,0.0,22,138.64787
415,‡∏ô‡πâ‡∏≥‡∏ó‡πà‡∏ß‡∏°,0,0,0,0,0,0,0,0,0,0,0,0,1,0,0,0,0,0,0,0,0,0,0,0,0.0,0.0,0.0,0.0,0.0,0.0,0.0,0.0,0.0,0.0,0.0,0.0,0.0,0.0,0.0,0.0,0.0,0.0,0.0,0.0,0.0,0.0,0.0,0.0,0.0,0.0,0.0,0.0,0.0,0.0,0.0,0.0,0.0,0.0,0.0,1.0,0.0,0.0,0.0,0.0,0.0,0.0,0.0,0.0,0.0,0.0,0.0,0.0,0.0,382,138.64787
424,‡∏õ‡∏±‡∏ç‡∏´‡∏≤ ‡∏ä‡∏∏‡∏°‡∏ä‡∏ô‡πÅ‡∏≠‡∏≠‡∏±‡∏î ‡∏ô‡∏≥‡πâ ‡∏Ç‡∏±‡∏á ‡∏Ç‡∏¢‡∏∞ ‡∏ä‡∏∏‡∏°‡∏ä‡∏ô ‡∏ß‡∏±‡∏î ‡πÑ‡∏ú‡πà ‡πÄ‡∏á‡∏¥‡∏ô ‡πÄ‡∏à‡∏£‡∏¥‡∏ç ‡∏£‡∏≤ ‡∏© 7 ‡πÅ‡∏¢‡∏Å 35 - 6,0,0,0,0,0,0,1,0,0,0,0,0,0,0,0,0,0,0,0,0,0,0,0,0,0.0,0.0,0.0,0.0,0.0,0.0,0.0,0.0,0.0,0.0,0.0,0.0,0.0,0.0,0.0,0.0,1.0,0.0,0.0,0.0,0.0,0.0,0.0,0.0,0.0,0.0,0.0,0.0,0.0,0.0,0.0,0.0,0.0,0.0,0.0,0.0,0.0,0.0,0.0,0.0,0.0,0.0,0.0,0.0,0.0,0.0,0.0,0.0,0.0,519,217.8444
434,‡∏ó‡∏≤‡∏á‡πÄ‡∏ó‡πâ‡∏≤ ‡∏ä‡∏≥‡∏£‡∏∏‡∏î ‡πÄ‡∏™‡∏µ‡∏¢‡∏´‡∏≤‡∏¢ ‡πÄ‡∏î‡∏∑‡∏≠‡∏ô ‡πÄ‡∏°‡∏©‡∏≤ ‡∏£‡∏∞ ‡∏ö ‡πÄ‡∏î‡∏¥‡∏ô ‡∏•‡∏≥‡∏ö‡∏≤‡∏Å,0,0,0,0,0,0,0,0,0,0,1,0,0,0,0,0,0,0,0,0,0,0,0,0,0.0,0.0,0.0,0.0,0.0,0.0,0.0,0.0,0.0,0.0,0.0,0.0,0.0,0.0,0.0,0.0,0.0,0.0,0.0,0.0,0.0,0.0,0.0,0.0,0.0,0.0,0.0,0.0,0.0,0.0,0.0,0.0,0.0,0.0,1.0,0.0,0.0,0.0,0.0,0.0,0.0,0.0,0.0,0.0,0.0,0.0,0.0,0.0,0.0,236,279.8717
455,‡∏ó‡∏≥ ‡∏ü‡∏∏ ‡∏ó ‡∏ö‡∏≤‡∏ó ‡πÑ‡∏´ ‡∏°‡πà ‡∏ó‡∏≥ ‡∏ù‡∏≤ ‡∏ó‡πà‡∏≠ ‡πÄ‡∏î‡∏¥‡∏ô ‡∏™ ‡∏î‡∏∏‡∏î ‡∏•‡πâ‡∏°,0,0,0,0,0,0,0,0,0,0,0,1,0,0,0,0,0,0,0,0,0,0,0,0,0.0,0.0,0.0,0.0,0.0,0.0,0.0,0.0,0.0,0.0,0.0,0.0,0.0,0.0,0.0,0.0,0.0,0.0,0.0,0.0,0.0,0.0,0.0,0.0,0.0,0.0,0.0,0.0,0.0,0.0,0.0,0.0,0.0,0.0,0.0,1.0,0.0,0.0,0.0,0.0,0.0,0.0,0.0,0.0,0.0,0.0,0.0,0.0,0.0,908,330.30933
457,‡∏à‡∏≠‡∏î ‡∏£‡∏ñ ‡∏ñ‡∏ô‡∏ô ‡∏´‡∏ô‡πâ‡∏≤ ‡∏ï‡∏•‡∏≤‡∏î ‡∏ö‡∏±‡∏ß ‡∏û‡∏±‡∏í‡∏ô‡∏≤ ‡∏Å‡∏¥‡∏ô ‡∏ä‡πà‡∏≠‡∏á‡∏à‡∏£‡∏≤‡∏à‡∏£ 1 ‡πÄ‡∏•‡∏ô ‡∏ó‡∏≥‡πÉ‡∏´‡πâ‡πÄ‡∏Å‡∏¥‡∏î ‡∏õ‡∏±‡∏ç‡∏´‡∏≤‡∏à‡∏£‡∏≤‡∏à‡∏£ ‡∏ñ‡∏ô‡∏ô ‡∏•‡∏≤‡∏î ‡∏õ‡∏•‡∏≤ ‡πÄ‡∏Ñ‡πâ‡∏≤ ‡∏ò‡∏£‡∏£‡∏°‡∏î‡∏≤ 16:00-19:00 ‡πÄ‡∏õ‡πá‡∏ô‡πÄ‡∏ß‡∏•‡∏≤ ‡∏Ñ‡∏ô ‡∏Å‡∏•‡∏±‡∏ö‡∏ö‡πâ‡∏≤‡∏ô ‡∏£‡∏ñ ‡∏ï‡∏¥‡∏î ‡∏ñ‡∏ô‡∏ô ‡πÄ‡∏Å‡∏©‡∏ï‡∏£-‡∏ô‡∏ß‡∏°‡∏¥‡∏ô‡∏ó‡∏£‡πå,0,0,0,0,0,0,0,0,0,1,0,0,0,0,0,0,0,0,0,0,0,0,0,0,0.0,0.0,0.0,0.0,0.0,0.0,0.0,0.0,0.0,0.0,0.0,0.0,0.0,0.0,0.0,0.0,0.0,0.0,0.0,0.0,0.0,0.0,0.0,0.0,0.0,0.0,0.0,0.0,0.0,0.0,0.0,0.0,0.0,0.0,0.0,0.0,0.0,1.0,0.0,0.0,0.0,0.0,0.0,0.0,0.0,0.0,0.0,0.0,0.0,64,236.5853
472,‡∏≠‡∏≤‡∏Ñ‡∏≤‡∏£ ‡∏û‡∏≤‡∏ì‡∏¥‡∏ä‡∏¢‡πå ‡∏ó‡πà‡∏≠ ‡∏ô‡πâ‡∏≥‡∏ù‡∏ô ‡∏ö‡∏£‡∏¥‡πÄ‡∏ß‡∏ì ‡∏ü‡∏∏‡∏ï‡∏ö‡∏≤‡∏ó ‡∏™‡∏≤‡∏ò‡∏≤‡∏£‡∏ì‡∏∞,0,0,0,0,0,0,0,0,0,0,1,0,0,0,0,0,0,0,0,0,0,0,0,0,0.0,0.0,0.0,0.0,0.0,0.0,0.0,0.0,0.0,0.0,0.0,0.0,0.0,0.0,0.0,0.0,0.0,0.0,0.0,0.0,0.0,0.0,0.0,0.0,0.0,0.0,0.0,0.0,1.0,0.0,0.0,0.0,0.0,0.0,0.0,0.0,0.0,0.0,0.0,0.0,0.0,0.0,0.0,0.0,0.0,0.0,0.0,0.0,0.0,2104,659.8837
477,‡∏™‡∏ß‡∏ô ‡∏£‡∏°‡∏¢‡πå ‡∏£‡∏≤‡∏ä ‡πÄ‡∏ó‡∏ß‡∏µ ‡πÄ‡∏Ç‡∏ï ‡∏£‡∏≤‡∏ä ‡πÄ‡∏ó‡∏ß‡∏µ ‡∏û‡∏∑‡πâ‡∏ô‡∏ó‡∏µ‡πà ‡∏ó‡∏≤‡∏á‡∏î‡πà‡∏ß‡∏ô ‡∏Å‡∏ó‡∏°. ‡∏ó‡∏≥‡∏™‡∏ß‡∏ô ‡∏õ‡∏±‡∏ç‡∏´‡∏≤ ‡∏ó‡∏µ‡πà‡πÄ‡∏Å‡∏¥‡∏î 1 . ‡πÄ‡∏Ñ‡∏£‡∏∑‡πà‡∏≠‡∏á‡πÄ‡∏•‡πà‡∏ô ‡πÄ‡∏î‡πá‡∏Å ‡∏ä‡∏≥‡∏£‡∏∏‡∏î ‡πÄ‡∏™‡∏µ‡∏¢‡∏´‡∏≤‡∏¢ ‡∏´‡∏ô‡∏±‡∏Å ‡∏à‡∏∏‡∏î ‡∏≠‡∏±‡∏ô‡∏ï‡∏£‡∏≤‡∏¢ 2 . ‡∏£‡∏∞‡∏ö‡∏ö ‡πÅ‡∏™‡∏á‡∏™‡∏ß‡πà‡∏≤‡∏á ‡∏™‡∏ß‡∏ô 6 ‡πÄ‡∏î‡∏∑‡∏≠‡∏ô ‡∏ï‡∏≠‡∏ô‡∏Å‡∏•‡∏≤‡∏á‡∏Ñ‡∏∑‡∏ô ‡∏°‡∏∑‡∏î ‡πÑ‡∏ü ‡πÉ‡∏ä‡πâ‡πÑ‡∏°‡πà‡πÑ‡∏î‡πâ,0,0,0,0,0,1,0,0,0,0,0,0,0,0,0,0,0,0,0,0,0,0,0,1,0.0,0.0,0.0,0.0,0.0,0.0,1.0,0.0,0.0,0.0,0.0,0.0,0.0,0.0,0.0,0.0,0.0,0.0,0.0,0.0,0.0,0.0,0.0,0.0,0.0,0.0,0.0,0.0,0.0,0.0,0.0,0.0,0.0,0.0,0.0,0.0,0.0,0.0,0.0,0.0,0.0,0.0,0.0,0.0,0.0,0.0,0.0,0.0,0.0,1576,247.13885
486,‡πÄ‡∏£‡∏∑‡πà‡∏≠‡∏á ‡∏£‡∏∞‡∏ö‡∏ö ‡∏Ç‡∏ô‡∏™‡πà‡∏á ‡∏™‡∏≤‡∏ò‡∏≤‡∏£‡∏ì‡∏∞ ‡∏ô‡πâ‡∏≥‡∏ó‡πà‡∏ß‡∏°,0,0,0,0,0,0,0,0,0,0,0,0,1,0,0,0,0,0,0,0,0,0,0,0,1.0,0.0,0.0,0.0,0.0,0.0,0.0,0.0,0.0,0.0,0.0,0.0,0.0,0.0,0.0,0.0,0.0,0.0,0.0,0.0,0.0,0.0,0.0,0.0,0.0,0.0,0.0,0.0,0.0,0.0,0.0,0.0,0.0,0.0,0.0,0.0,0.0,0.0,0.0,0.0,0.0,0.0,0.0,0.0,0.0,0.0,0.0,0.0,0.0,3255,251.12364
488,‡∏õ‡∏±‡∏ç‡∏´‡∏≤ ‡∏ô‡πâ‡∏≥‡∏ó‡πà‡∏ß‡∏° ‡∏ñ‡∏ô‡∏ô ‡πÄ‡∏Ç‡∏ï ‡∏Ç‡∏∏‡∏ô ‡πÄ‡∏ó‡∏µ‡∏¢‡∏ô ‡∏ù‡∏ô‡∏ï‡∏Å ‡∏ï‡πà‡∏≠‡πÄ‡∏ô‡∏∑‡πà‡∏≠‡∏á ‡∏ß‡∏±‡∏ô‡∏ó‡∏µ‡πà 28 /05/65 18:00,0,0,0,0,0,0,0,0,0,1,0,0,1,0,0,0,0,0,0,0,0,0,0,0,0.0,0.0,0.0,0.0,0.0,0.0,0.0,0.0,0.0,0.0,0.0,0.0,0.0,0.0,0.0,1.0,0.0,0.0,0.0,0.0,0.0,0.0,0.0,0.0,0.0,0.0,0.0,0.0,0.0,0.0,0.0,0.0,0.0,0.0,0.0,0.0,0.0,0.0,0.0,0.0,0.0,0.0,0.0,0.0,0.0,0.0,0.0,0.0,0.0,235,64.46866
495,‡∏õ‡∏±‡∏ç‡∏´‡∏≤ ‡∏Ç‡∏¢‡∏∞ ‡∏Ñ‡∏•‡∏≠‡∏á ‡∏ã‡∏≠‡∏¢ ‡πÄ‡∏û‡∏ä‡∏£‡πÄ‡∏Å‡∏©‡∏° 46 ‡πÅ‡∏¢‡∏Å 2 ‡∏ï‡∏µ ‡∏á ‡∏Ç‡πâ‡∏≤‡∏° ‡∏£‡πâ‡∏≤ ‡∏ô‡∏Ç‡∏≤ ‡∏´‡∏°‡∏π ‡∏ö‡∏≤‡∏á‡∏´‡∏ß‡πâ‡∏≤,0,0,0,0,0,0,1,0,0,0,0,0,0,0,0,0,0,0,0,0,0,0,0,0,0.0,0.0,0.0,0.0,0.0,0.0,0.0,0.0,0.0,0.0,0.0,0.0,0.0,0.0,0.0,0.0,0.0,0.0,0.0,0.0,0.0,0.0,0.0,0.0,0.0,0.0,0.0,0.0,0.0,0.0,0.0,1.0,0.0,0.0,0.0,0.0,0.0,0.0,0.0,0.0,0.0,0.0,0.0,0.0,0.0,0.0,0.0,0.0,0.0,458,103.404076
511,‡πÅ‡∏à‡πâ‡∏á ‡∏ñ‡∏ô‡∏ô ‡∏ä‡∏≥‡∏£‡∏∏‡∏î ‡∏û‡∏±‡∏á ‡∏ã. ‡∏´‡∏ó‡∏±‡∏¢ ‡∏£‡∏≤‡∏©‡∏é‡∏£‡πå 39 ‡∏ö‡∏£‡∏¥‡πÄ‡∏ß‡∏ì ‡∏´‡∏ô‡πâ‡∏≤ ‡∏£‡∏£. ‡∏ß‡∏±‡∏î ‡πÅ‡∏õ‡πâ‡∏ô ‡∏ó‡∏≠‡∏á / ‡∏ß‡∏±‡∏î ‡πÅ‡∏õ‡πâ‡∏ô ‡∏ó‡∏≠‡∏á ‡∏ñ‡∏ô‡∏ô ‡∏´‡∏ô‡∏≠‡∏á ‡∏£‡∏∞‡πÅ‡∏´‡∏á ‡∏ó‡∏µ‡πà‡∏à‡∏∞ ‡∏ï‡∏±‡∏î ‡∏ñ‡∏ô‡∏ô ‡πÑ‡∏ó‡∏¢ ‡∏£‡∏≤‡∏°‡∏±‡∏ç ‡∏ü‡∏±‡∏á ‡∏´‡∏•‡∏∏‡∏° ‡∏•‡∏∂‡∏Å ‡∏Å‡∏≤‡∏£‡∏ã‡πà‡∏≠‡∏°‡πÅ‡∏ã‡∏° ‡πÅ‡∏ï‡πà‡∏Å‡∏•‡∏±‡∏ö ‡∏ï‡∏µ‡πÄ‡∏™‡πâ‡∏ô ‡πÄ‡∏´‡∏•‡∏∑‡∏≠‡∏á ‡∏Å‡∏•‡∏≤‡∏á ‡∏ñ‡∏ô‡∏ô ‡πÄ‡∏õ‡∏ô ‡πÄ‡∏™‡πâ‡∏ô‡∏ó‡∏≤‡∏á ‡∏ô‡∏±‡∏Å‡πÄ‡∏£‡∏µ‡∏¢‡∏ô ‡∏£‡∏£ ‡∏Ç‡∏ô‡∏≤‡∏î‡πÉ‡∏´‡∏ç‡πà ‡∏ô‡∏£. 2000 ‡∏Ñ‡∏ô ‡∏õ‡∏£‡∏∞‡∏ä‡∏≤‡∏ä‡∏ô ‡∏ó‡∏±‡πà‡∏ß‡πÑ‡∏õ ‡∏Å‡∏≤‡∏£‡∏™‡∏±‡∏ç‡∏à‡∏£ ‡∏™‡∏∞‡∏î‡∏ß‡∏Å,0,0,0,0,0,0,0,0,0,1,0,0,0,0,0,0,0,0,0,0,0,0,0,0,1.0,0.0,0.0,0.0,0.0,0.0,0.0,0.0,0.0,0.0,0.0,0.0,0.0,0.0,0.0,0.0,0.0,0.0,0.0,0.0,0.0,0.0,0.0,0.0,0.0,0.0,0.0,0.0,0.0,0.0,0.0,0.0,0.0,0.0,0.0,0.0,0.0,0.0,0.0,0.0,0.0,0.0,0.0,0.0,0.0,0.0,0.0,0.0,0.0,1870,377.99585
512,‡πÅ‡∏à‡πâ‡∏á ‡∏ã‡πà‡∏≠‡∏° ‡∏™‡∏∞‡∏û‡∏≤‡∏ô ‡∏Ç‡πâ‡∏≤‡∏° ‡∏ä‡∏∏‡∏°‡∏ä‡∏ô ‡∏ö‡πâ‡∏≤‡∏ô ‡∏Å‡∏•‡πâ‡∏ß‡∏¢ ‡∏ù‡∏±‡πà‡∏á ‡πÅ‡∏ü‡∏•‡∏ï ‡∏Ñ‡∏•‡∏≠‡∏á ‡πÄ‡∏ï‡∏¢ ‡∏ä‡∏≥‡∏£‡∏∏‡∏î ‡∏™‡∏∞‡∏û‡∏≤‡∏ô ‡∏ú‡∏∏‡∏û‡∏±‡∏á ‡πÄ‡∏≠‡∏µ‡∏¢‡∏á ‡∏Å‡∏•‡∏±‡∏ß ‡∏≠‡∏∏‡∏ö‡∏±‡∏ï‡∏¥‡πÄ‡∏´‡∏ï‡∏∏ ‡πÑ‡∏ü ‡πÅ‡∏™‡∏á‡∏™‡∏ß‡πà‡∏≤‡∏á ‡∏Å‡∏•‡∏≤‡∏á‡∏Ñ‡∏∑‡∏ô,0,0,0,0,0,0,0,0,0,0,0,0,0,0,0,0,0,1,0,0,0,0,0,0,0.0,1.0,0.0,0.0,0.0,0.0,0.0,0.0,0.0,0.0,0.0,0.0,0.0,0.0,0.0,0.0,0.0,0.0,0.0,0.0,0.0,0.0,0.0,0.0,0.0,0.0,0.0,0.0,0.0,0.0,0.0,0.0,0.0,0.0,0.0,0.0,0.0,0.0,0.0,0.0,0.0,0.0,0.0,0.0,0.0,0.0,0.0,0.0,0.0,551,177.67029
517,‡∏™‡∏≤‡∏¢ ‡∏™‡∏±‡∏ç‡∏ç‡∏≤‡∏ì ‡∏≠‡∏±‡∏ô‡∏ï‡∏£‡∏≤‡∏¢ ‡∏Ñ‡∏ô‡πÉ‡∏ä‡πâ ‡∏™ ‡∏û‡∏≤‡∏ô ‡∏•‡∏≠‡∏¢,0,0,0,0,0,1,0,0,0,0,0,0,0,0,0,0,0,0,0,0,0,0,0,0,0.0,0.0,0.0,0.0,0.0,0.0,0.0,0.0,0.0,0.0,0.0,0.0,0.0,0.0,0.0,0.0,0.0,0.0,0.0,1.0,0.0,0.0,0.0,0.0,0.0,0.0,0.0,0.0,0.0,0.0,0.0,0.0,0.0,0.0,0.0,0.0,0.0,0.0,0.0,0.0,0.0,0.0,0.0,0.0,0.0,0.0,0.0,0.0,0.0,929,27.90006
530,‡∏õ‡∏±‡∏ç‡∏´‡∏≤ : ‡∏™‡∏≤‡∏¢‡πÑ‡∏ü‡∏ü‡πâ‡∏≤ ‡πÅ‡∏ô ‡πÉ‡∏à ‡πÄ‡∏≠‡∏Å‡∏ä‡∏ô ‡∏´‡πâ‡∏≠‡∏¢ ‡∏•‡∏á‡∏°‡∏≤ ‡∏ó‡πâ‡∏≠‡∏á‡∏ñ‡∏ô‡∏ô ‡πÅ‡∏¢‡∏Å ‡πÄ‡∏ß‡∏•‡∏≤ ‡πÄ‡∏î‡∏¥‡∏ô ‡∏ï‡∏≠‡∏ô‡∏Å‡∏•‡∏≤‡∏á‡∏Ñ‡∏∑‡∏ô ‡∏ö‡∏≤‡∏á‡∏Ñ‡∏ô ‡πÄ‡∏î‡∏¥‡∏ô ‡∏ä‡∏ô ‡∏ù‡∏ô‡∏ï‡∏Å ‡∏™‡∏≤‡∏¢ ‡∏£‡∏±‡πà‡∏ß ‡∏≠‡∏±‡∏ô‡∏ï ‡∏£‡∏≤‡∏¢‡πÑ‡∏î‡πâ ‡∏ó‡∏≤‡∏á‡πÄ‡∏î‡∏¥‡∏ô ‡πÅ‡∏ï‡∏Å‡∏´‡∏±‡∏Å ‡∏ü‡∏∏ ‡∏¢ ‡∏ö‡∏≤‡∏ó ‡∏î‡∏µ ‡∏™‡∏∏‡∏Ñ‡∏ô‡∏ò ‡∏™‡∏ß‡∏±‡∏™‡∏î‡∏¥‡πå ‡πÅ‡∏à‡πâ‡∏á ‡∏™.‡∏™. ‡πÄ‡∏Ç‡∏ï ‡πÄ‡∏´‡∏°‡∏∑‡∏≠‡∏ô ‡πÄ‡∏á‡∏µ‡∏¢‡∏ö‡πÜ,0,0,0,0,0,0,0,0,0,1,0,0,0,0,0,0,0,0,0,1,0,0,0,0,0.0,0.0,0.0,0.0,0.0,0.0,0.0,0.0,0.0,0.0,0.0,0.0,0.0,0.0,0.0,0.0,0.0,0.0,0.0,0.0,0.0,0.0,0.0,0.0,0.0,0.0,0.0,0.0,0.0,0.0,0.0,0.0,0.0,0.0,0.0,0.0,0.0,1.0,0.0,0.0,0.0,0.0,0.0,0.0,0.0,0.0,0.0,0.0,0.0,568,243.72705
531,‡∏ñ‡∏±‡∏á‡∏Ç‡∏¢‡∏∞ ‡∏´‡∏ô‡πâ‡∏≤‡∏ö‡πâ‡∏≤‡∏ô ‡∏™‡∏µ‡πÄ‡∏´‡∏•‡∏∑‡∏≠‡∏á ‡∏Å‡∏ó‡∏° ‡∏´‡∏≤‡∏¢,0,0,0,0,0,0,1,0,0,0,0,0,0,0,0,0,0,0,0,0,0,0,0,0,0.0,0.0,0.0,0.0,0.0,0.0,1.0,0.0,0.0,0.0,0.0,0.0,0.0,0.0,0.0,0.0,0.0,0.0,0.0,0.0,0.0,0.0,0.0,0.0,0.0,0.0,0.0,0.0,0.0,0.0,0.0,0.0,0.0,0.0,0.0,0.0,0.0,0.0,0.0,0.0,0.0,0.0,0.0,0.0,0.0,0.0,0.0,0.0,0.0,3111,396.4565
536,‡πÄ‡∏Ç‡∏ï ‡∏ã‡∏∑‡πà‡∏≠ 2 ‡∏Ñ‡∏•‡∏≠‡∏á ‡∏õ‡∏£‡∏∞‡∏õ‡∏≤ ‡∏ü‡∏∏‡∏ï‡∏ö‡∏≤‡∏ó ‡∏ï‡∏¥‡∏î ‡∏ñ‡∏ô‡∏ô‡πÉ‡∏´‡∏ç‡πà,0,0,0,0,1,0,0,0,0,0,1,0,0,0,0,0,0,0,0,0,0,0,0,0,0.0,0.0,0.0,0.0,0.0,0.0,0.0,0.0,0.0,0.0,0.0,0.0,0.0,0.0,0.0,0.0,0.0,1.0,0.0,0.0,0.0,0.0,0.0,0.0,0.0,0.0,0.0,0.0,0.0,0.0,0.0,0.0,0.0,0.0,0.0,0.0,0.0,0.0,0.0,0.0,0.0,0.0,0.0,0.0,0.0,0.0,0.0,0.0,0.0,524,336.1674
546,‡∏ñ‡∏ô‡∏ô ‡∏à‡∏£‡∏±‡∏ç‡∏™‡∏ô‡∏¥‡∏ó‡∏ß‡∏á‡∏®‡πå ‡∏™‡∏∞‡∏û‡∏≤‡∏ô ‡∏û‡∏£‡∏∞‡∏£‡∏≤‡∏° 7 ‡∏ã‡∏≠‡∏¢ 94 ‡∏ã‡∏≠‡∏¢ 88 ( mrt ‡∏≠‡πâ‡∏≠ ) ‡πÑ‡∏ü ‡∏°‡∏∑‡∏î ‡πÑ‡∏ü ‡∏ï‡∏≠‡∏ô‡∏Å‡∏•‡∏≤‡∏á‡∏Ñ‡∏∑‡∏ô ‡∏ñ‡πà‡∏≤‡∏¢‡∏£‡∏π‡∏õ ‡πÑ‡∏ü ‡∏™‡∏ß‡πà‡∏≤‡∏á ‡∏ï‡∏≠‡∏ô ‡∏™‡∏ñ‡∏≤‡∏ô‡∏µ ‡∏≠‡πâ‡∏≠ ‡πÑ‡∏ü ‡∏ó‡∏µ‡πà‡∏≠‡∏¢‡∏π‡πà ‡∏ï‡∏±‡∏ß ‡∏™‡∏ñ‡∏≤‡∏ô‡∏µ mrt ‡πÅ‡∏™‡∏á‡∏™‡∏ß‡πà‡∏≤‡∏á,0,0,0,0,0,0,0,0,0,1,0,0,0,0,0,0,0,1,0,0,0,0,0,1,0.0,0.0,0.0,0.0,0.0,0.0,0.0,0.0,0.0,0.0,0.0,0.0,0.0,0.0,0.0,0.0,0.0,0.0,0.0,0.0,1.0,0.0,0.0,0.0,0.0,0.0,0.0,0.0,0.0,0.0,0.0,0.0,0.0,0.0,0.0,0.0,0.0,0.0,0.0,0.0,0.0,0.0,0.0,0.0,0.0,0.0,0.0,0.0,0.0,928,92.205414
550,‡∏£‡∏ñ ‡∏≠‡∏û‡∏≤‡∏£‡πå‡∏ó‡πÄ‡∏°‡∏ô‡∏ï‡πå ‡∏à‡∏≠‡∏î ‡∏ó‡∏≤‡∏á‡πÇ‡∏Ñ‡πâ‡∏á ‡πÄ‡∏ö‡∏µ‡πà‡∏¢‡∏á ‡πÄ‡∏•‡∏ô‡∏™‡πå ‡∏Å‡∏£‡∏∞‡∏ó‡∏±‡∏ô‡∏´‡∏±‡∏ô ‡∏ï‡∏≠‡∏ô ‡∏Ç‡∏±‡∏ö ‡∏ä‡∏ô ‡∏£‡∏ñ ‡∏™‡∏ß‡∏ô‡∏ó‡∏≤‡∏á ( ‡∏≠‡∏≠‡∏Å‡∏°‡∏≤ ‡∏à‡∏≠‡∏î ‡∏Ç‡πâ‡∏≤‡∏á‡∏ô‡∏≠‡∏Å ‡∏≠‡∏û‡∏≤‡∏£‡πå‡∏ó‡πÄ‡∏°‡∏ô‡∏ï‡πå ‡∏ï‡∏±‡∏á ‡∏û‡∏∑‡πâ‡∏ô ‡∏ó‡∏µ‡πà‡πÇ‡∏•‡πà‡∏á ‡∏à‡∏≠‡∏î ),0,0,1,0,0,0,0,0,0,0,0,0,0,0,0,0,0,0,0,0,0,0,0,0,0.0,0.0,0.0,0.0,0.0,0.0,0.0,0.0,0.0,0.0,0.0,0.0,0.0,0.0,0.0,0.0,0.0,0.0,0.0,0.0,0.0,0.0,0.0,0.0,0.0,0.0,1.0,0.0,0.0,0.0,0.0,0.0,0.0,0.0,0.0,0.0,0.0,0.0,0.0,0.0,0.0,0.0,0.0,0.0,0.0,0.0,0.0,0.0,0.0,1582,352.20184
552,‡∏ï‡∏£‡∏á‡∏ô‡∏µ‡πâ ‡∏à‡∏∏‡∏î ‡∏û‡∏±‡∏Å ‡πÄ‡∏Ç‡πà‡∏á ‡∏Ç‡∏¢‡∏∞,0,0,0,0,0,0,1,0,0,0,0,0,0,0,0,0,0,0,0,0,0,0,0,0,0.0,0.0,0.0,0.0,0.0,0.0,0.0,0.0,0.0,0.0,0.0,0.0,0.0,0.0,0.0,0.0,1.0,0.0,0.0,0.0,0.0,0.0,0.0,0.0,0.0,0.0,0.0,0.0,0.0,0.0,0.0,0.0,0.0,0.0,0.0,0.0,0.0,0.0,0.0,0.0,0.0,0.0,0.0,0.0,0.0,0.0,0.0,0.0,0.0,211,154.50629
563,‡∏ï‡πâ‡∏≠‡∏á‡∏Å‡∏≤‡∏£ ‡∏ã‡πà‡∏≠‡∏° ‡∏ú‡∏¥‡∏ß‡∏ñ‡∏ô‡∏ô ‡∏´‡∏•‡∏∏‡∏° ( ‡∏ï‡∏¥‡∏î ‡∏õ‡∏±‡∏ç‡∏´‡∏≤ ‡∏ó‡∏µ‡πà‡∏ó‡∏≤‡∏á ‡πÄ‡∏Ç‡∏ï . ‡∏ö‡∏≠ ‡∏™‡πà‡∏ß‡∏ô‡∏ö‡∏∏‡∏Ñ‡∏Ñ‡∏• ),0,0,0,0,0,0,0,0,0,1,0,0,0,0,0,0,0,0,0,0,0,0,0,0,0.0,0.0,0.0,0.0,0.0,0.0,0.0,0.0,1.0,0.0,0.0,0.0,0.0,0.0,0.0,0.0,0.0,0.0,0.0,0.0,0.0,0.0,0.0,0.0,0.0,0.0,0.0,0.0,0.0,0.0,0.0,0.0,0.0,0.0,0.0,0.0,0.0,0.0,0.0,0.0,0.0,0.0,0.0,0.0,0.0,0.0,0.0,0.0,0.0,427,69.742096
570,‡∏Ç‡∏≤‡∏¢‡∏Ç‡∏≠‡∏á ‡∏ó‡∏≤‡∏á‡πÄ‡∏ó‡πâ‡∏≤,0,0,0,0,0,0,0,0,0,0,1,0,0,0,0,0,0,0,0,0,0,0,0,0,0.0,0.0,0.0,0.0,0.0,0.0,1.0,0.0,0.0,0.0,0.0,0.0,0.0,0.0,0.0,0.0,0.0,0.0,0.0,0.0,0.0,0.0,0.0,0.0,0.0,0.0,0.0,0.0,0.0,0.0,0.0,0.0,0.0,0.0,0.0,0.0,0.0,0.0,0.0,0.0,0.0,0.0,0.0,0.0,0.0,0.0,0.0,0.0,0.0,427,36.04368
578,‡∏ú‡∏° ‡∏ó‡∏£‡∏≤‡∏ö ‡∏Ñ‡∏ô ‡πÄ‡∏ù‡πâ‡∏≤‡∏£‡∏≠ ‡∏Ñ‡∏ß‡∏≤‡∏°‡∏ä‡πà‡∏ß‡∏¢‡πÄ‡∏´‡∏•‡∏∑‡∏≠ ‡∏ó‡πà‡∏≤‡∏ô ‡∏ú‡∏π‡πâ‡∏ß‡πà‡∏≤‡∏Ø ‡∏ä‡∏±‡∏ä‡∏ä‡∏≤‡∏ï‡∏¥ ‡∏û‡∏±‡∏ô ‡∏´‡∏°‡∏∑‡πà‡∏ô ‡∏™‡∏ñ‡∏≤‡∏ô‡∏Å‡∏≤‡∏£‡∏ì‡πå ‡∏£‡∏ö‡∏Å‡∏ß‡∏ô ‡∏ú‡∏π‡πâ‡∏ß‡πà‡∏≤‡∏Ø ‡∏ä‡∏±‡∏ä‡∏ä‡∏≤‡∏ï‡∏¥ ‡∏™‡∏±‡πà‡∏á‡∏Å‡∏≤‡∏£ ‡∏™‡∏≥‡∏ô‡∏±‡∏Å‡∏á‡∏≤‡∏ô‡πÄ‡∏Ç‡∏ï ‡∏Ñ‡∏•‡∏≠‡∏á ‡∏™‡∏≤‡∏°‡∏ß‡∏≤ ‡∏ã‡πà‡∏≠‡∏°‡πÅ‡∏ã‡∏° ‡∏ñ‡∏ô‡∏ô ‡∏ã‡∏≠‡∏¢ ‡∏´‡∏ó‡∏±‡∏¢ ‡∏£‡∏≤‡∏©‡∏é‡∏£‡πå 39 ‡πÇ‡∏£‡∏á‡πÄ‡∏£‡∏µ‡∏¢‡∏ô ‡∏ß‡∏±‡∏î ‡πÅ‡∏õ‡πâ‡∏ô ‡∏ó‡∏≠‡∏á ‡πÄ‡∏£‡∏∑‡πà‡∏≠‡∏¢‡πÑ‡∏õ ‡∏ã‡∏≠‡∏¢ ‡πÑ‡∏ó‡∏¢ ‡∏£‡∏≤‡∏°‡∏±‡∏ç ‡∏£‡∏∞‡∏¢‡∏∞‡∏ó‡∏≤‡∏á 2 - 3 ‡∏Å‡∏¥‡πÇ‡∏•‡πÄ‡∏°‡∏ï‡∏£ ‡∏ú‡∏∏‡∏û‡∏±‡∏á ‡∏´‡∏•‡∏∏‡∏° ‡∏ö‡πà‡∏≠ ‡∏õ‡∏µ ‡πÅ‡∏ó‡∏ö ‡∏ó‡∏≤‡∏á‡πÉ‡∏ô ‡∏Å‡∏ó‡∏° ‡∏õ‡∏ä‡∏ä . ‡πÅ‡∏à‡πâ‡∏á ‡πÇ‡∏¢‡∏ò‡∏≤ ‡∏™‡∏≥‡∏ô‡∏±‡∏Å‡∏á‡∏≤‡∏ô‡πÄ‡∏Ç‡∏ï ‡∏Ñ‡∏•‡∏≠‡∏á ‡∏™‡∏≤‡∏°‡∏ß‡∏≤ ‡∏´‡∏•‡∏≤‡∏¢‡∏Ñ‡∏£‡∏±‡πâ‡∏á ‡∏™‡∏ô‡πÉ‡∏à ‡πÉ‡∏¢ ‡∏î‡∏µ ‡∏ã‡πà‡∏≠‡∏° ‡∏ó‡∏≥ ‡∏Ç‡∏≠‡πÑ‡∏õ‡∏ó‡∏µ ‡∏ñ‡∏ô‡∏ô ‡πÄ‡∏™‡πâ‡∏ô‡∏ó‡∏≤‡∏á ‡∏ú‡∏π‡πâ‡∏Ñ‡∏ô ‡∏™‡∏±‡∏ç‡∏à‡∏£ ‡πÄ‡∏õ‡πá‡∏ô‡∏£‡πâ‡∏≠‡∏¢‡πÄ‡∏õ‡πá‡∏ô‡∏û‡∏±‡∏ô ‡∏Ñ‡∏±‡∏ô ‡πÇ‡∏£‡∏á‡πÄ‡∏£‡∏µ‡∏¢‡∏ô ‡∏ó‡∏≤‡∏á‡∏î‡πà‡∏ß‡∏ô ‡∏à‡∏ï‡∏∏ ‡πÇ‡∏ä‡∏ï‡∏¥ ‡πÄ‡∏Ç‡∏∑‡πà‡∏≠‡∏° ‡∏ï‡πà‡∏≠‡πÑ‡∏õ ‡∏•‡∏∞‡πÅ‡∏ß‡∏Å ‡∏õ‡∏ä‡∏ä ‡∏≠‡∏≤‡∏®‡∏±‡∏¢ ‡∏™‡∏¥‡∏ö ‡∏´‡∏°‡∏π‡πà‡∏ö‡πâ‡∏≤‡∏ô ‡∏õ‡∏£‡∏∞‡∏ä‡∏≤‡∏Å‡∏£ ‡∏´‡∏°‡∏∑‡πà‡∏ô ‡∏Ñ‡∏ô ‡∏™‡∏±‡∏ç‡∏à‡∏£ ‡πÄ‡∏õ‡πá‡∏ô‡∏õ‡∏£‡∏∞‡∏à‡∏≥ ‡∏ù‡∏≤‡∏Å ‡∏ó‡πà‡∏≤‡∏ô,0,0,0,0,0,0,0,0,0,1,0,0,0,0,0,0,0,0,0,0,0,0,0,0,1.0,0.0,0.0,0.0,0.0,0.0,0.0,0.0,0.0,0.0,0.0,0.0,0.0,0.0,0.0,0.0,0.0,0.0,0.0,0.0,0.0,0.0,0.0,0.0,0.0,0.0,0.0,0.0,0.0,0.0,0.0,0.0,0.0,0.0,0.0,0.0,0.0,0.0,0.0,0.0,0.0,0.0,0.0,0.0,0.0,0.0,0.0,0.0,0.0,1869,209.25848
579,- ‡∏™‡∏≤‡∏¢‡πÑ‡∏ü ‡∏û‡∏±‡∏ô ‡∏£‡∏Å ‡∏£‡∏∏‡πà‡∏á ‡∏£‡∏±‡∏á,0,0,0,0,0,0,0,0,0,0,0,0,0,0,0,0,0,0,0,1,0,0,0,0,0.0,0.0,0.0,0.0,0.0,0.0,0.0,0.0,0.0,0.0,0.0,0.0,0.0,0.0,1.0,0.0,0.0,0.0,0.0,0.0,0.0,0.0,0.0,0.0,0.0,0.0,0.0,0.0,0.0,0.0,0.0,0.0,0.0,0.0,0.0,0.0,0.0,0.0,0.0,0.0,0.0,0.0,0.0,0.0,0.0,0.0,0.0,0.0,0.0,267,298.12726
585,‡∏ñ‡∏ô‡∏ô ‡∏ã‡∏≠‡∏¢ ‡∏ó‡πà‡∏≠ ‡∏ô‡πâ‡∏≥‡∏ó‡∏¥‡πâ‡∏á ‡πÄ‡∏ß‡∏•‡∏≤ ‡∏ù‡∏ô ‡∏ï‡∏Å‡∏ô‡πâ‡∏≥ ‡∏ó‡πà‡∏ß‡∏° ‡∏Ç‡∏±‡∏á ‡∏ñ‡∏ô‡∏ô ‡∏´‡∏•‡∏∏‡∏° ‡∏ö‡πà‡∏≠ ‡πÅ‡∏à‡πâ‡∏á ‡∏´‡∏ô‡πà‡∏ß‡∏¢‡∏á‡∏≤‡∏ô ‡∏£‡∏±‡∏ö‡∏ú‡∏¥‡∏î‡∏ä‡∏≠‡∏ö ‡∏õ‡∏µ 60 ‡∏Ñ‡∏ß‡∏≤‡∏°‡∏Ñ‡∏∑‡∏ö‡∏´‡∏ô‡πâ‡∏≤,0,0,0,0,0,0,0,0,0,1,0,0,0,0,0,0,0,0,0,0,0,0,0,0,0.0,0.0,0.0,0.0,0.0,0.0,0.0,0.0,0.0,0.0,0.0,0.0,0.0,0.0,0.0,0.0,0.0,0.0,0.0,0.0,0.0,0.0,0.0,0.0,0.0,0.0,0.0,0.0,0.0,0.0,0.0,0.0,0.0,0.0,0.0,0.0,0.0,0.0,0.0,0.0,0.0,0.0,0.0,0.0,0.0,1.0,0.0,0.0,0.0,877,359.48376
588,‡∏™‡∏≤‡∏¢‡πÑ‡∏ü ‡∏ñ‡∏ô‡∏ô ‡∏≠‡πà‡∏≠‡∏ô‡∏ô‡∏∏‡∏ä,0,0,0,0,0,0,0,0,0,1,0,0,0,0,0,0,0,0,0,1,0,0,0,0,0.0,0.0,0.0,0.0,0.0,0.0,0.0,0.0,0.0,0.0,0.0,0.0,0.0,0.0,0.0,0.0,0.0,0.0,0.0,0.0,0.0,0.0,0.0,0.0,0.0,0.0,0.0,0.0,0.0,0.0,0.0,0.0,0.0,0.0,0.0,0.0,0.0,0.0,0.0,1.0,0.0,0.0,0.0,0.0,0.0,0.0,0.0,0.0,0.0,546,134.10376
600,‡∏≠‡∏±‡∏ô‡∏ô‡∏µ‡πâ ‡∏†‡∏≤‡∏û ‡∏Ç‡πâ‡∏≠ 1 ‡∏ô‡πâ‡∏≥‡∏ó‡πà‡∏ß‡∏° ‡∏ä‡∏≥‡∏£‡∏∏‡∏î,0,0,0,0,0,0,0,0,0,0,0,0,1,0,0,0,0,0,0,0,0,0,0,0,0.0,0.0,0.0,0.0,1.0,0.0,0.0,0.0,0.0,0.0,0.0,0.0,0.0,0.0,0.0,0.0,0.0,0.0,0.0,0.0,0.0,0.0,0.0,0.0,0.0,0.0,0.0,0.0,0.0,0.0,0.0,0.0,0.0,0.0,0.0,0.0,0.0,0.0,0.0,0.0,0.0,0.0,0.0,0.0,0.0,0.0,0.0,0.0,0.0,594,1110.4562
607,‡∏£‡πâ‡∏≠‡∏á‡πÄ‡∏£‡∏µ‡∏¢‡∏ô ‡∏õ‡∏±‡∏ç‡∏´‡∏≤ ‡∏Ñ‡∏ô‡∏á‡∏≤‡∏ô ‡∏Å‡∏µ‡∏ö ‡∏´‡∏°‡∏π ‡∏ä‡πà‡∏ß‡∏á‡πÄ‡∏ß‡∏•‡∏≤ ‡∏ï‡∏≠‡∏ô‡πÄ‡∏ä‡πâ‡∏≤ ‡∏ï‡∏≠‡∏ô‡πÄ‡∏¢‡πá‡∏ô ‡∏Ñ‡∏ô‡∏á‡∏≤‡∏ô ‡∏¢‡∏∑‡∏ô ‡∏£‡∏≠ ‡∏ñ‡∏ô‡∏ô ‡∏à‡∏≥‡∏ô‡∏ß‡∏ô‡∏°‡∏≤‡∏Å ‡∏£‡∏ñ ‡∏Ç‡∏±‡∏ö ‡∏Ñ‡∏ô‡∏á‡∏≤‡∏ô ‡∏ö‡∏£‡∏¥‡πÄ‡∏ß‡∏ì ‡∏ï‡∏•‡∏≤‡∏î ‡∏Å‡∏µ‡∏ö ‡∏´‡∏°‡∏π ‡∏ñ‡∏ô‡∏ô ‡∏™‡∏∏‡πÄ‡∏´‡∏£‡πà‡∏≤ ‡∏Ñ‡∏•‡∏≠‡∏á‡∏´‡∏ô‡∏∂‡πà‡∏á ‡πÄ‡∏™‡πâ‡∏ô ( ‡∏ä‡∏±‡∏ô ‡∏Ñ‡∏•‡∏≠‡∏á ‡∏™‡∏≤‡∏°‡∏ß‡∏≤ ) ‡∏£‡∏ñ ‡∏ï‡∏¥‡∏î‡∏Ç‡∏±‡∏î ‡∏Ç‡∏≤‡∏¢‡∏Ç‡∏≠‡∏á ‡∏ö‡∏£‡∏¥‡πÄ‡∏ß‡∏ì ‡∏£‡∏¥‡∏°‡∏ñ‡∏ô‡∏ô ‡∏õ‡∏±‡∏ç‡∏´‡∏≤ ‡∏Å‡∏≤‡∏£‡∏™‡∏ô‡πÉ‡∏à ‡πÅ‡∏Å‡πâ‡πÑ‡∏Ç‡∏õ‡∏±‡∏ç‡∏´‡∏≤ ‡∏õ‡∏µ ‡∏£‡∏ö‡∏Å‡∏ß‡∏ô ‡∏ó‡∏µ‡∏°‡∏á‡∏≤‡∏ô ‡∏õ‡∏£‡∏∞‡∏™‡∏≤‡∏ô‡∏á‡∏≤‡∏ô ‡∏û‡∏∑‡πâ‡∏ô‡∏ó‡∏µ‡πà,0,0,0,0,0,0,0,0,0,1,0,0,0,0,0,0,0,0,0,0,0,0,0,0,1.0,0.0,0.0,0.0,0.0,0.0,0.0,0.0,0.0,0.0,0.0,0.0,0.0,0.0,0.0,0.0,0.0,0.0,0.0,0.0,0.0,0.0,0.0,0.0,0.0,0.0,0.0,0.0,0.0,0.0,0.0,0.0,0.0,0.0,0.0,0.0,0.0,0.0,0.0,0.0,0.0,0.0,0.0,0.0,0.0,0.0,0.0,0.0,0.0,361,218.97432
608,"‡∏ñ‡∏ô‡∏ô ‡∏Å‡∏≤‡∏ç‡∏à‡∏ô‡∏≤ - ‡∏ö‡∏≤‡∏á‡πÅ‡∏Ñ ( ‡∏ß‡∏á‡πÅ‡∏´‡∏ß‡∏ô ‡∏ó‡∏≤‡∏á‡∏î‡πà‡∏ß‡∏ô ‡∏Å‡∏≤‡∏ç‡∏à‡∏ô‡∏≤ ‡∏™‡∏∞‡∏û‡∏≤‡∏ô ‡∏Ç‡πâ‡∏≤‡∏° ‡πÅ‡∏¢‡∏Å ‡πÄ‡∏î‡∏≠‡∏∞ ‡∏°‡∏≠‡∏•‡∏•‡πå ‡∏ö‡∏≤‡∏á‡πÅ‡∏Ñ ) ‡∏ã‡πà‡∏≠‡∏° ‡∏ñ‡∏ô‡∏ô ‡∏Ñ‡∏∑‡∏ö‡∏´‡∏ô‡πâ‡∏≤ - ‡∏Å‡∏•‡∏≤‡∏á‡∏ß‡∏±‡∏ô ‡∏Ñ‡∏ô ‡∏ó‡∏≥‡∏á‡∏≤‡∏ô ‡∏≠‡∏≤‡∏Å‡∏≤‡∏® ‡∏î‡∏µ ‡∏Ñ‡∏ô ‡∏ó‡∏≥‡∏á‡∏≤‡∏ô ‡∏Ñ‡∏ô‡∏á‡∏≤‡∏ô ‡∏°‡∏±‡∏î ‡πÄ‡∏´‡∏•‡πá‡∏Å‡πÄ‡∏™‡πâ‡∏ô ‡∏ú‡∏π‡πâ‡∏´‡∏ç‡∏¥‡∏á 2 ‡∏Ñ‡∏ô ‡∏°‡∏±‡∏î ‡∏á‡∏≤‡∏ô ‡∏ñ‡∏ô‡∏ô ‡πÄ‡∏™‡πâ‡∏ô !!! ‡∏Å‡∏•‡∏≤‡∏á‡∏Ñ‡∏∑‡∏ô ‡∏ñ‡∏ô‡∏ô ‡∏ó‡∏≥ ‡∏°‡∏∑‡∏î ‡∏Ñ‡∏∑‡∏ô ‡∏ù‡∏ô‡∏ï‡∏Å ‡∏Ñ‡∏∑‡∏ô ‡∏ó‡∏≥ ‡∏ó‡∏≥ ‡∏Å‡∏•‡∏≤‡∏á‡∏ß‡∏±‡∏ô ‡∏Å‡∏•‡∏≤‡∏á‡∏Ñ‡∏∑‡∏ô - ‡πÄ‡∏•‡∏ô ‡∏à‡∏£‡∏≤‡∏à‡∏£ ‡∏ä‡πà‡∏≠‡∏á ‡∏Å‡∏•‡∏≤‡∏á 1 ‡πÄ‡∏•‡∏ô ‡πÄ‡∏•‡∏ô ‡∏î‡πâ‡∏≤‡∏ô‡πÉ‡∏ô ‡∏ó‡∏≥ ‡πÅ‡∏•‡πâ‡∏ß‡∏à‡∏∂‡∏á ‡∏£‡∏ñ ‡∏ß‡∏¥‡πà‡∏á ‡∏™‡∏†‡∏≤‡∏û ‡πÄ‡∏•‡∏ô ‡πÅ‡∏¢‡πà ‡∏ï‡∏≠‡∏ô ‡∏ã‡πà‡∏≠‡∏° ‡∏£‡∏≠‡∏¢‡∏ï‡πà‡∏≠ ‡∏´‡∏•‡∏∏‡∏° ‡∏Ñ‡∏•‡∏∑‡πà‡∏ô ‡∏ö‡∏≤‡∏î ‡∏¢‡∏≤‡∏á ‡πÄ‡∏ó‡∏õ‡∏π‡∏ô ‡πÄ‡∏õ‡∏∑‡∏≠‡∏¢‡πÜ - ‡∏´‡∏•‡∏∏‡∏° ‡∏ö‡πà‡∏≠ ‡∏•‡πà‡∏≤‡∏á ‡∏£‡∏ñ ‡∏û‡∏±‡∏á 1 ‡∏¢‡∏≤‡∏á‡πÅ‡∏ï‡∏Å ‡πÄ‡∏´‡∏¢‡∏µ‡∏¢‡∏ö ‡πÄ‡∏®‡∏©‡πÄ‡∏´‡∏•‡πá‡∏Å ‡πÇ‡∏•‡∏´‡∏∞ ‡πÅ‡∏´‡∏•‡∏° 2 - ‡∏õ‡πâ‡∏≤‡∏¢ ‡πÅ‡∏à‡πâ‡∏á "" ‡∏´‡πâ‡∏≤‡∏° ‡∏£‡∏ñ‡∏ö‡∏£‡∏£‡∏ó‡∏∏‡∏Å ‡∏ß‡∏¥‡πà‡∏á ‡πÄ‡∏•‡∏ô ‡∏Ç‡∏ß‡∏≤ "" ‡∏ß‡∏¥‡πà‡∏á ‡∏Ç‡∏ß‡∏≤ - ‡∏ö‡∏∏‡∏£‡∏µ‡∏£‡∏±‡∏°‡∏¢‡πå ‡πÄ‡∏î‡∏∑‡∏≠‡∏ô‡∏Å‡πà‡∏≠‡∏ô ‡πÄ‡∏à‡∏≠ ‡πÄ‡∏à‡∏≤‡∏∞ ‡∏ñ‡∏ô‡∏ô ‡πÄ‡∏ï‡∏£‡∏µ‡∏¢‡∏° ‡∏ã‡πà‡∏≠‡∏° ‡∏ñ‡∏ô‡∏ô ‡∏´‡∏•‡∏±‡∏á‡∏à‡∏≤‡∏Å‡∏ô‡∏±‡πâ‡∏ô 2 ‡∏≠‡∏≤‡∏ó‡∏¥‡∏ï‡∏¢‡πå ‡∏≠‡∏µ‡∏Å‡∏Ñ‡∏£‡∏±‡πâ‡∏á ‡∏ñ‡∏ô‡∏ô ‡πÄ‡∏™‡πâ‡∏ô 10 ‡∏Å‡∏¥‡πÇ‡∏• ‡πÄ‡∏£‡∏µ‡∏¢‡∏ö‡∏£‡πâ‡∏≠‡∏¢ ‡∏£‡∏≤‡∏î ‡∏¢‡∏≤‡∏á ‡∏î‡∏≥‡∏Ç‡∏•‡∏±‡∏ö ‡πÄ‡∏ô‡∏µ‡∏¢‡∏ô ‡∏™‡∏ß‡∏¢‡∏á‡∏≤‡∏° ‡∏Ñ‡∏ô ‡∏Å‡∏ó‡∏°. ‡∏£‡∏π‡πâ‡∏™‡∏∂‡∏Å ‡∏≠‡∏¥‡∏à‡∏â‡∏≤ ‡∏´‡∏ß‡∏±‡∏á ‡∏ï‡∏±‡∏ß‡πÄ‡∏≠‡∏á ‡∏Å‡∏≤‡∏£‡πÅ‡∏Ç‡πà‡∏á‡∏Ç‡∏±‡∏ô ‡∏™‡∏£‡πâ‡∏≤‡∏á ‡∏ñ‡∏ô‡∏ô ‡∏ö‡∏£‡∏¥‡∏©‡∏±‡∏ó ‡∏ó‡∏≥‡∏î‡∏µ ‡∏ó‡∏≥ ‡∏ó‡∏≥ ‡πÄ‡∏£‡∏µ‡∏¢‡∏ö‡∏£‡πâ‡∏≠‡∏¢ ‡∏Å‡∏ó‡∏°. ‡∏ó‡∏≥ ‡∏™‡∏±‡∏ç‡∏ç‡∏≤‡∏à‡πâ‡∏≤‡∏á ‡∏≠‡∏≤‡∏¢ ‡∏ñ‡∏ô‡∏ô ‡∏Å‡∏ó‡∏°. ‡∏ó‡∏∏‡∏Å‡∏Ñ‡∏£‡∏±‡πâ‡∏á‡∏ó‡∏µ‡πà ‡πÄ‡∏û‡∏∑‡πà‡∏≠‡∏ô ‡∏ï‡πà‡∏≤‡∏á‡∏ä‡∏≤‡∏ï‡∏¥ ‡∏°‡∏≤‡∏´‡∏≤ ‡∏ö‡πà‡∏ô ‡∏ñ‡∏ô‡∏ô ‡∏Å‡∏ó‡∏°. ‡∏õ‡∏ß‡∏î‡∏´‡∏±‡∏ß ‡πÅ‡∏¢‡πà ‡∏ô‡∏∂‡∏Å ‡∏î‡∏ß‡∏á‡∏à‡∏±‡∏ô‡∏ó‡∏£‡πå ‡∏£‡∏ö‡∏Å‡∏ß‡∏ô ‡πÄ‡∏£‡πà‡∏á ‡∏ï‡∏£‡∏ß‡∏à‡∏™‡∏≠‡∏ö ‡∏Ñ‡∏∏‡∏ì‡∏†‡∏≤‡∏û ‡∏Å‡πà‡∏≠‡∏™‡∏£‡πâ‡∏≤‡∏á ‡∏ñ‡∏ô‡∏ô ‡∏ô‡∏∞‡∏Ñ‡∏∞ ‡∏Ç‡∏≠‡∏ö‡∏Ñ‡∏∏‡∏ì",0,0,0,0,0,0,0,0,0,1,0,0,0,0,0,0,0,0,0,0,0,0,0,1,0.0,0.0,0.0,0.0,0.0,0.0,0.0,0.0,0.0,0.0,0.0,0.0,0.0,0.0,0.0,0.0,0.0,0.0,0.0,1.0,0.0,0.0,0.0,0.0,0.0,0.0,0.0,0.0,0.0,0.0,0.0,0.0,0.0,0.0,0.0,0.0,0.0,0.0,0.0,0.0,0.0,0.0,0.0,0.0,0.0,0.0,0.0,0.0,0.0,216,249.86603
620,‡∏Å‡∏•‡∏±‡∏ö‡∏£‡∏ñ ‡πÅ‡∏¢‡∏Å ‡∏ö‡∏£‡∏° ‡∏£‡∏≤‡∏ä ‡∏ä‡∏ô‡∏ô‡∏µ ‡∏™‡∏≤‡∏¢‡πÑ‡∏ü ‡∏£‡∏∏‡∏á‡∏£‡∏±‡∏á ‡πÄ‡∏™‡πâ‡∏ô‡∏ó‡∏≤‡∏á ‡∏Å‡πâ ‡∏°‡∏µ‡∏õ‡∏±‡∏ç‡∏´‡∏≤ ‡πÄ‡∏£‡∏∑‡πà‡∏≠‡∏á ‡∏ß‡∏≤‡∏á ‡∏Ç‡∏¢‡∏∞ ‡∏ó‡∏≤‡∏á‡πÄ‡∏ó‡πâ‡∏≤ ‡πÄ‡∏´‡∏°‡∏∑‡∏≠‡∏ô ‡∏ó‡∏¥‡πâ‡∏á ‡∏Ç‡∏¢‡∏∞ ‡∏õ‡∏£‡∏∞‡∏à‡∏≥,0,0,0,0,0,0,1,0,0,0,1,0,0,0,0,0,0,0,0,1,0,0,0,0,0.0,0.0,0.0,0.0,0.0,0.0,0.0,0.0,0.0,0.0,0.0,0.0,0.0,0.0,0.0,0.0,0.0,0.0,0.0,0.0,1.0,0.0,0.0,0.0,0.0,0.0,0.0,0.0,0.0,0.0,0.0,0.0,0.0,0.0,0.0,0.0,0.0,0.0,0.0,0.0,0.0,0.0,0.0,0.0,0.0,0.0,0.0,0.0,0.0,399,263.7616
630,‡∏Ç‡∏¢‡∏∞ ‡πÄ‡∏•‡∏µ‡∏¢‡∏ö ‡∏ó‡∏≤‡∏á‡∏î‡πà‡∏ß‡∏ô ‡∏°‡∏±‡∏Å‡∏á‡πà‡∏≤‡∏¢ ‡∏ä‡∏≠‡∏ö ‡∏ó‡∏¥‡πâ‡∏á ‡∏Ç‡∏¢‡∏∞ ‡∏Ç‡πâ‡∏≤‡∏á‡∏ó‡∏≤‡∏á ‡∏ö‡πâ‡∏≤‡∏ô‡πÄ‡∏°‡∏∑‡∏≠‡∏á ‡∏™‡∏ß‡∏¢ ‡∏™‡∏∞‡∏≠‡∏≤‡∏î ‡∏ï‡∏≤ ‡∏ñ‡∏ô‡∏ô ‡∏ö ‡∏ó‡∏≤‡∏á‡∏î‡πà‡∏ß‡∏ô ‡∏£‡∏£ ‡∏ß‡∏±‡∏î ‡∏Ñ‡∏π‡πâ ‡∏ö‡∏≠‡∏ô ‡∏ó‡∏µ‡πà‡∏à‡∏∞ ‡∏à‡∏ï‡∏∏ ‡πÇ‡∏ä‡∏ï‡∏¥ ‡∏£‡∏≤‡∏°‡∏≠‡∏¥‡∏ô‡∏ó‡∏£‡∏≤ ‡∏Ñ‡∏±‡∏ô‡∏ô‡∏≤ ‡πÅ‡∏ñ‡∏ß ‡∏ï‡∏≠‡∏ô‡πÄ‡∏¢‡πá‡∏ô ‡∏Ç‡∏¢‡∏∞ ‡∏ó‡∏¥‡πâ‡∏á ‡∏Ç‡∏¢‡∏∞ ‡∏ó‡∏¥‡πâ‡∏á ‡∏ö‡πà‡∏≠ ‡∏Ç‡∏¢‡∏∞ ‡∏ó ‡πÄ‡∏ß‡∏•‡∏≤ ‡∏ó‡∏¥‡πâ‡∏á ‡∏Ç‡∏≠‡∏≠‡∏ô‡∏∏‡∏ç‡∏≤‡∏ï ‡πÄ‡∏Ç‡∏ï ‡∏ó‡∏¥‡πâ‡∏á ‡∏¢‡∏∏‡πà‡∏á‡∏¢‡∏≤‡∏Å ‡πÄ‡∏™‡∏µ‡∏¢‡πÄ‡∏ß‡∏•‡∏≤ ‡∏Ç‡∏ô ‡∏ó‡∏¥ ‡∏ó‡∏¥‡πâ‡∏á ‡πÄ‡∏™‡∏µ‡∏¢‡πÄ‡∏á‡∏¥‡∏ô ‡∏´‡∏ô‡πâ‡∏≤ ‡∏ö‡πà‡∏≠ ‡∏Ç‡∏¢‡∏∞ ‡∏î‡∏π ‡∏ö‡∏±‡∏ï‡∏£‡∏õ‡∏£‡∏∞‡∏ä‡∏≤‡∏ä‡∏ô ‡∏î‡∏π ‡πÄ‡∏Ç‡∏ï ‡∏ó‡∏¥‡πâ‡∏á ‡πÄ‡∏Ç‡∏ï ‡∏ó‡∏≥‡∏á‡∏≤‡∏ô ‡πÄ‡∏Ç‡∏ï ‡∏ô‡∏∂‡∏á ‡∏ö‡πâ‡∏≤‡∏ô ‡πÄ‡∏Ç‡∏ï ‡∏™‡∏≤‡πÄ‡∏´‡∏ï‡∏∏ ‡∏ô‡∏∂‡∏á ‡∏Ñ‡∏ô ‡∏ó‡∏¥‡πâ‡∏á ‡∏Ç‡∏¢‡∏∞ ‡∏Ç‡πâ‡∏≤‡∏á‡∏ó‡∏≤‡∏á ‡∏™‡∏≤‡πÄ‡∏´‡∏ï‡∏∏ ‡∏Ñ‡∏ß‡∏≤‡∏°‡∏°‡∏±‡∏Å‡∏á‡πà‡∏≤‡∏¢ ‡∏Ñ‡∏ô ‡∏°‡∏≤‡∏ï‡∏£‡∏Å‡∏≤‡∏£ ‡∏Å‡∏£ ‡πÄ‡∏Ñ‡∏•‡∏µ‡∏¢ ‡πÅ‡∏Å‡πâ ‡∏õ‡∏•‡∏≤‡∏¢ ‡∏Ç‡∏ö ‡πÅ‡∏™‡∏î‡∏á‡∏Ñ‡∏ß‡∏≤‡∏°‡∏Ñ‡∏¥‡∏î‡πÄ‡∏´‡πá‡∏ô,0,0,0,0,0,0,1,0,0,1,0,0,0,0,0,0,0,0,0,0,0,0,0,0,0.0,0.0,0.0,0.0,0.0,0.0,0.0,0.0,0.0,0.0,0.0,0.0,0.0,0.0,0.0,0.0,0.0,0.0,0.0,0.0,0.0,0.0,1.0,0.0,0.0,0.0,0.0,0.0,0.0,0.0,0.0,0.0,0.0,0.0,0.0,0.0,0.0,0.0,0.0,0.0,0.0,0.0,0.0,0.0,0.0,0.0,0.0,0.0,0.0,375,41.340343
644,‡πÑ‡∏ü‡∏ü‡πâ‡∏≤ ‡πÅ‡∏™‡∏á‡∏™‡∏ß‡πà‡∏≤‡∏á 1 ‡∏õ‡∏µ 1 ‡∏õ‡∏µ ‡∏ã‡πà‡∏≠‡∏° 2 ‡∏î‡∏ß‡∏á,0,0,0,0,0,0,0,0,0,0,0,0,0,0,0,0,0,0,0,0,0,0,0,1,0.0,0.0,0.0,0.0,0.0,0.0,0.0,0.0,0.0,0.0,0.0,0.0,0.0,0.0,0.0,0.0,0.0,0.0,0.0,0.0,0.0,0.0,0.0,0.0,0.0,0.0,0.0,0.0,0.0,0.0,0.0,0.0,0.0,0.0,0.0,0.0,0.0,0.0,0.0,1.0,0.0,0.0,0.0,0.0,0.0,0.0,0.0,0.0,0.0,3241,179.56842
655,‡∏Ñ‡∏•‡∏≠‡∏á ‡∏î‡∏≥ ‡∏¢‡∏∏‡∏á,0,0,0,0,1,0,0,0,0,0,0,0,0,0,0,0,0,0,0,0,0,0,0,0,0.0,0.0,0.0,0.0,0.0,0.0,0.0,0.0,0.0,0.0,0.0,1.0,0.0,0.0,0.0,0.0,0.0,0.0,0.0,0.0,0.0,0.0,0.0,0.0,0.0,0.0,0.0,0.0,0.0,0.0,0.0,0.0,0.0,0.0,0.0,0.0,0.0,0.0,0.0,0.0,0.0,0.0,0.0,0.0,0.0,0.0,0.0,0.0,0.0,617,87.47668
666,‡πÅ‡∏à‡πâ‡∏á ‡πÄ‡∏£‡∏∑‡πà‡∏≠‡∏á ‡∏ó‡∏≤‡∏á‡πÄ‡∏î‡∏¥‡∏ô‡πÄ‡∏ó‡πâ‡∏≤ ‡∏´‡∏•‡∏∏‡∏°,0,0,0,0,0,0,0,0,0,0,1,0,0,0,0,0,0,0,0,0,0,0,0,0,0.0,0.0,0.0,0.0,0.0,0.0,1.0,0.0,0.0,0.0,0.0,0.0,0.0,0.0,0.0,0.0,0.0,0.0,0.0,0.0,0.0,0.0,0.0,0.0,0.0,0.0,0.0,0.0,0.0,0.0,0.0,0.0,0.0,0.0,0.0,0.0,0.0,0.0,0.0,0.0,0.0,0.0,0.0,0.0,0.0,0.0,0.0,0.0,0.0,470,519.1675
670,‡∏õ‡∏±‡∏ç‡∏´‡∏≤ ‡πÄ‡∏£‡∏∑‡πà‡∏≠‡∏á ‡∏à‡∏≠‡∏î ‡∏£‡∏ñ ‡∏´‡∏°‡∏π‡πà‡∏ö‡πâ‡∏≤‡∏ô ‡∏ó‡∏≤‡∏ß ‡∏≠‡∏¥‡∏ô ‡∏ó‡∏≤‡∏ß‡∏ô‡πå ‡∏Å‡∏≤‡∏£‡∏ô‡∏≥ ‡πÄ‡∏´‡∏•‡πá‡∏Å ‡∏Å‡∏±‡πâ‡∏ô ‡∏Å‡∏£‡∏ß‡∏¢ ‡∏™‡∏¥‡πà‡∏á‡∏Ç‡∏≠‡∏á ‡∏ß‡∏≤‡∏á ‡∏à‡∏≠‡∏á ‡∏ó‡∏µ‡πà‡∏à‡∏≠‡∏î‡∏£‡∏ñ ‡∏ó‡∏µ‡πà‡∏™‡∏≤‡∏ò‡∏≤‡∏£‡∏ì‡∏∞,0,0,1,0,0,0,0,0,0,0,0,0,0,0,0,0,0,0,0,0,0,0,0,0,0.0,0.0,0.0,0.0,0.0,0.0,0.0,0.0,0.0,0.0,0.0,0.0,0.0,0.0,0.0,0.0,0.0,0.0,0.0,0.0,0.0,0.0,0.0,0.0,0.0,0.0,0.0,0.0,0.0,0.0,0.0,0.0,0.0,0.0,0.0,0.0,0.0,0.0,1.0,0.0,0.0,0.0,0.0,0.0,0.0,0.0,0.0,0.0,0.0,2297,526.881
671,‡∏ã‡∏≠‡∏¢ ‡∏õ‡∏£‡∏∞‡∏ä‡∏≤‡∏ä‡∏ô ‡πÇ‡∏î‡∏ô ‡∏ó‡∏´‡∏≤‡∏£‡πÄ‡∏£‡∏∑‡∏≠ ‡πÄ‡∏ö‡∏µ‡∏¢‡∏î‡∏ö‡∏±‡∏á 2 ‡∏ü‡∏≤‡∏Å ( ‡πÄ‡∏î‡∏¥‡∏°‡∏ó‡∏µ ‡∏ã‡∏≠‡∏¢ ‡∏™‡∏π‡πâ ‡∏ó‡∏≤‡∏á‡πÄ‡∏Ç‡πâ‡∏≤‡∏≠‡∏≠‡∏Å ‡∏Ñ‡∏ô‡πÉ‡∏ô ‡∏ä‡∏∏‡∏°‡∏ä‡∏ô ‡∏ó‡∏´‡∏≤‡∏£‡πÄ‡∏£‡∏∑‡∏≠ ‡∏ã‡∏≠‡∏¢ ‡∏Å‡∏≤‡∏£‡∏™‡∏π‡πâ ‡∏Ñ‡∏ô‡πÉ‡∏ô ‡∏û‡∏∑‡πâ‡∏ô‡∏ó‡∏µ‡πà ‡∏Å‡∏î‡∏î‡∏±‡∏ô ‡∏ó‡∏´‡∏≤‡∏£‡πÄ‡∏£‡∏∑‡∏≠ ‡∏ã‡∏≠‡∏¢ ‡∏ó‡∏¥‡πâ‡∏á ‡∏Ç‡∏¢‡∏∞ ‡πÄ‡∏´‡∏£‡∏≠ ? ‡∏´‡∏≤ ‡∏à‡∏∏‡∏î‡∏£‡∏ß‡∏° ‡∏Ç‡∏¢‡∏∞ ‡πÄ‡∏´‡∏°‡∏≤‡∏∞‡∏™‡∏° ‡∏î‡∏µ‡∏Å‡∏ß‡πà‡∏≤ ‡πÑ‡∏´‡∏° ‡πÅ‡∏ü‡∏•‡∏ï ‡∏ó‡∏´‡∏≤‡∏£‡πÄ‡∏£‡∏∑‡∏≠ ‡∏õ‡∏±‡∏î‡∏™‡∏ß‡∏∞ ‡∏Ñ‡∏ô‡∏≠‡∏∑‡πà‡∏ô,0,0,0,0,0,0,1,0,0,0,0,0,0,0,0,0,0,0,0,0,0,0,0,0,0.0,0.0,0.0,0.0,0.0,0.0,0.0,0.0,0.0,0.0,0.0,1.0,0.0,0.0,0.0,0.0,0.0,0.0,0.0,0.0,0.0,0.0,0.0,0.0,0.0,0.0,0.0,0.0,0.0,0.0,0.0,0.0,0.0,0.0,0.0,0.0,0.0,0.0,0.0,0.0,0.0,0.0,0.0,0.0,0.0,0.0,0.0,0.0,0.0,596,1081.4806
675,‡πÄ‡∏£‡∏∑‡πà‡∏≠‡∏á ‡∏™‡πà‡∏≤‡∏á ‡∏™‡∏¥‡πà‡∏á‡∏Å‡∏µ‡∏î‡∏Ç‡∏ß‡∏≤‡∏á ‡∏£‡∏∏‡∏Å‡∏•‡πâ‡∏≥ ‡∏ó‡∏µ‡πà‡∏™‡∏≤‡∏ò‡∏≤‡∏£‡∏ì‡∏∞ ‡∏ó‡∏µ‡πà‡∏î‡∏¥‡∏ô ‡∏Ñ‡∏ô‡∏≠‡∏∑‡πà‡∏ô,0,0,1,0,0,0,0,0,0,0,0,0,0,0,0,0,0,0,0,0,0,0,0,0,0.0,0.0,0.0,0.0,0.0,0.0,0.0,0.0,0.0,0.0,0.0,0.0,0.0,0.0,0.0,1.0,0.0,0.0,0.0,0.0,0.0,0.0,0.0,0.0,0.0,0.0,0.0,0.0,0.0,0.0,0.0,0.0,0.0,0.0,0.0,0.0,0.0,0.0,0.0,0.0,0.0,0.0,0.0,0.0,0.0,0.0,0.0,0.0,0.0,313,96.12606
680,1 . ‡∏õ‡∏±‡∏ç‡∏´‡∏≤ ‡πÅ‡∏°‡∏ß ‡∏à‡∏£‡∏à‡∏±‡∏î ‡∏ß‡∏±‡∏î ‡∏î‡∏¥ ‡∏™‡∏≤‡∏ô‡∏∏ ‡∏Å‡∏≤ ‡∏£‡∏≤‡∏° ‡∏ã‡∏≠‡∏¢ ‡∏ß‡∏±‡∏î ‡∏ó‡∏µ‡πà‡∏à‡∏±‡∏ö ‡∏ó‡∏≥‡∏´‡∏°‡∏±‡∏ô ‡∏≠‡∏≠‡∏Å‡∏•‡∏π‡∏Å,0,0,0,0,0,0,0,0,0,0,0,0,0,0,0,0,0,0,1,0,0,0,0,0,0.0,0.0,0.0,0.0,0.0,0.0,0.0,0.0,0.0,0.0,0.0,0.0,0.0,0.0,0.0,0.0,0.0,0.0,0.0,0.0,0.0,0.0,0.0,0.0,0.0,0.0,0.0,1.0,0.0,0.0,0.0,0.0,0.0,0.0,0.0,0.0,0.0,0.0,0.0,0.0,0.0,0.0,0.0,0.0,0.0,0.0,0.0,0.0,0.0,379,135.14468
682,‡πÅ‡∏¢‡∏Å ‡∏ô‡∏£‡∏≤‡∏ò‡∏¥‡∏ß‡∏≤‡∏™ ‡∏ï‡∏±‡∏î ‡∏™‡∏≤‡∏ó‡∏£ ‡∏ß‡∏≤‡∏á ‡∏ß‡∏±‡∏™‡∏î‡∏∏‡∏Å‡πà‡∏≠‡∏™‡∏£‡πâ‡∏≤‡∏á ‡∏Å‡∏µ‡∏î‡∏Ç‡∏ß‡∏≤‡∏á ‡∏Å‡∏≤‡∏£‡∏à‡∏£‡∏≤‡∏à‡∏£ ‡∏£‡∏ñ ‡∏ö‡∏µ‡∏ö ‡πÄ‡∏•‡∏ô ‡∏ï‡∏≠‡∏ô‡πÄ‡∏¢‡πá‡∏ô ‡∏ï‡∏¥‡∏î,0,0,1,0,0,0,0,0,0,0,0,0,0,0,0,0,0,0,0,0,0,0,0,0,0.0,0.0,0.0,0.0,0.0,0.0,0.0,0.0,0.0,0.0,0.0,0.0,0.0,0.0,0.0,0.0,0.0,0.0,0.0,0.0,0.0,0.0,0.0,0.0,0.0,0.0,0.0,0.0,0.0,0.0,0.0,0.0,0.0,0.0,0.0,0.0,0.0,0.0,0.0,0.0,0.0,0.0,0.0,1.0,0.0,0.0,0.0,0.0,0.0,387,171.93314
686,‡∏£‡πâ‡∏≠‡∏á‡πÄ‡∏£‡∏µ‡∏¢‡∏ô ‡∏õ‡∏±‡∏ç‡∏´‡∏≤ ‡∏Ñ‡∏ô‡∏á‡∏≤‡∏ô ‡∏Å‡∏µ‡∏ö ‡∏´‡∏°‡∏π ‡∏ä‡πà‡∏ß‡∏á‡πÄ‡∏ß‡∏•‡∏≤ ‡∏ï‡∏≠‡∏ô‡πÄ‡∏ä‡πâ‡∏≤ ‡∏ï‡∏≠‡∏ô‡πÄ‡∏¢‡πá‡∏ô ‡∏Ñ‡∏ô‡∏á‡∏≤‡∏ô ‡∏¢‡∏∑‡∏ô ‡∏£‡∏≠ ‡∏ñ‡∏ô‡∏ô ‡∏à‡∏≥‡∏ô‡∏ß‡∏ô‡∏°‡∏≤‡∏Å ‡∏£‡∏ñ ‡∏Ç‡∏±‡∏ö ‡∏Ñ‡∏ô‡∏á‡∏≤‡∏ô ‡∏ö‡∏£‡∏¥‡πÄ‡∏ß‡∏ì ‡∏ï‡∏•‡∏≤‡∏î ‡∏Å‡∏µ‡∏ö ‡∏´‡∏°‡∏π ‡∏ñ‡∏ô‡∏ô ‡∏™‡∏∏‡πÄ‡∏´‡∏£‡πà‡∏≤ ‡∏Ñ‡∏•‡∏≠‡∏á‡∏´‡∏ô‡∏∂‡πà‡∏á ‡πÄ‡∏™‡πâ‡∏ô ( ‡∏ä‡∏±‡∏ô ‡∏Ñ‡∏•‡∏≠‡∏á ‡∏™‡∏≤‡∏°‡∏ß‡∏≤ ) ‡∏£‡∏ñ ‡∏ï‡∏¥‡∏î‡∏Ç‡∏±‡∏î ‡∏Ç‡∏≤‡∏¢‡∏Ç‡∏≠‡∏á ‡∏ö‡∏£‡∏¥‡πÄ‡∏ß‡∏ì ‡∏£‡∏¥‡∏°‡∏ñ‡∏ô‡∏ô ‡∏õ‡∏±‡∏ç‡∏´‡∏≤ ‡∏Å‡∏≤‡∏£‡∏™‡∏ô‡πÉ‡∏à ‡πÅ‡∏Å‡πâ‡πÑ‡∏Ç‡∏õ‡∏±‡∏ç‡∏´‡∏≤ ‡∏õ‡∏µ ‡∏£‡∏ö‡∏Å‡∏ß‡∏ô ‡∏ó‡∏µ‡∏°‡∏á‡∏≤‡∏ô ‡∏õ‡∏£‡∏∞‡∏™‡∏≤‡∏ô‡∏á‡∏≤‡∏ô ‡∏û‡∏∑‡πâ‡∏ô‡∏ó‡∏µ‡πà,0,0,0,0,0,0,0,0,0,1,0,0,0,0,0,0,0,0,0,0,0,0,0,0,1.0,0.0,0.0,0.0,0.0,0.0,0.0,0.0,0.0,0.0,0.0,0.0,0.0,0.0,0.0,0.0,0.0,0.0,0.0,0.0,0.0,0.0,0.0,0.0,0.0,0.0,0.0,0.0,0.0,0.0,0.0,0.0,0.0,0.0,0.0,0.0,0.0,0.0,0.0,0.0,0.0,0.0,0.0,0.0,0.0,0.0,0.0,0.0,0.0,256,607.45703
704,‡∏ä‡∏∏‡∏°‡∏ä‡∏ô ‡∏ö‡πâ‡∏≤‡∏ô ‡∏Ñ‡∏£‡∏±‡∏ß ‡πÄ‡∏´‡∏ô‡∏∑‡∏≠ ‡∏ã‡∏≠‡∏¢ 6 ( ‡πÄ‡∏Ç‡πâ‡∏≤‡∏ó‡∏≤‡∏á ‡∏ñ‡∏ô‡∏ô ‡∏û‡∏£‡∏∞‡∏£‡∏≤‡∏° 1 ‡∏ã‡∏≠‡∏¢ ‡πÄ‡∏Å‡∏©‡∏°‡∏™‡∏±‡∏ô‡∏ï‡πå 3 ‡∏ã‡∏≠‡∏¢ ‡∏Ç‡πâ‡∏≤‡∏° ‡∏™‡∏∞‡∏û‡∏≤‡∏ô ‡∏Ç‡πâ‡∏≤‡∏° ‡∏Ñ‡∏•‡∏≠‡∏á ‡∏™‡∏∞‡∏î‡∏ß‡∏Å ‡∏ô‡∏∞‡∏Ñ‡∏∞ ),0,0,0,0,0,0,0,0,0,1,0,0,0,0,0,0,0,0,0,0,0,0,0,0,0.0,0.0,0.0,0.0,0.0,0.0,0.0,0.0,0.0,0.0,0.0,0.0,0.0,0.0,0.0,0.0,0.0,0.0,0.0,0.0,0.0,0.0,0.0,0.0,0.0,0.0,0.0,0.0,0.0,0.0,0.0,0.0,0.0,0.0,1.0,0.0,0.0,0.0,0.0,0.0,0.0,0.0,0.0,0.0,0.0,0.0,0.0,0.0,0.0,233,312.84912
714,1 . ‡∏ñ‡∏ô‡∏ô ‡∏ã‡∏≠‡∏¢ ‡∏ö‡πâ‡∏≤‡∏ô ‡∏°‡∏∑‡∏≠ ‡πÄ‡∏õ‡∏•‡∏µ‡πà‡∏¢‡∏ß ‡πÇ‡∏î‡∏¢‡πÄ‡∏â‡∏û‡∏≤‡∏∞ ‡∏õ‡∏≤‡∏Å‡∏ã‡∏≠‡∏¢ ‡∏ö‡πâ‡∏≤‡∏ô ‡∏ñ. ‡πÄ‡∏à‡∏£‡∏¥‡∏ç ‡∏Å‡∏£‡∏∏‡∏á 109 ‡πÅ‡∏¢‡∏Å 6 ‡πÑ‡∏ü‡∏ñ‡∏ô‡∏ô ‡∏ï‡∏¥‡∏î ‡∏™‡∏ß‡πà‡∏≤‡∏á,0,0,0,0,0,0,0,0,0,1,0,0,0,0,0,0,0,0,0,0,0,0,0,1,0.0,0.0,0.0,0.0,0.0,0.0,0.0,0.0,0.0,0.0,0.0,0.0,0.0,0.0,0.0,0.0,1.0,0.0,0.0,0.0,0.0,0.0,0.0,0.0,0.0,0.0,0.0,0.0,0.0,0.0,0.0,0.0,0.0,0.0,0.0,0.0,0.0,0.0,0.0,0.0,0.0,0.0,0.0,0.0,0.0,0.0,0.0,0.0,0.0,470,854.56323
732,‡∏û‡∏∑‡πâ‡∏ô‡∏ñ‡∏ô‡∏ô ‡∏Å‡πà‡∏≠‡∏™‡∏£‡πâ‡∏≤‡∏á ‡πÄ‡∏£‡∏µ‡∏¢‡∏ö‡∏£‡πâ‡∏≠‡∏¢,0,0,0,0,0,0,0,0,0,1,0,0,0,0,0,0,0,0,0,0,0,0,0,0,0.0,0.0,0.0,0.0,0.0,0.0,0.0,0.0,0.0,0.0,0.0,0.0,0.0,0.0,0.0,0.0,0.0,0.0,0.0,0.0,0.0,0.0,0.0,0.0,0.0,0.0,0.0,0.0,0.0,0.0,0.0,0.0,0.0,0.0,1.0,0.0,0.0,0.0,0.0,0.0,0.0,0.0,0.0,0.0,0.0,0.0,0.0,0.0,0.0,129,104.157265
739,‡∏ü‡∏∏‡∏ï‡∏ö‡∏≤‡∏ó ‡∏ó‡∏≤‡∏á‡πÄ‡∏î‡∏¥‡∏ô ‡∏ú‡∏∏‡∏û‡∏±‡∏á ‡∏à‡∏£‡∏±‡∏ç‡∏™‡∏ô‡∏¥‡∏ó‡∏ß‡∏á‡∏®‡πå,0,0,0,0,0,0,0,0,0,0,1,0,0,0,0,0,0,0,0,0,0,0,0,0,0.0,0.0,0.0,0.0,0.0,0.0,0.0,0.0,0.0,0.0,0.0,0.0,0.0,0.0,0.0,0.0,0.0,0.0,0.0,0.0,1.0,0.0,0.0,0.0,0.0,0.0,0.0,0.0,0.0,0.0,0.0,0.0,0.0,0.0,0.0,0.0,0.0,0.0,0.0,0.0,0.0,0.0,0.0,0.0,0.0,0.0,0.0,0.0,0.0,425,240.51459
742,‡∏à‡∏∏‡∏î ‡∏õ‡∏£‡∏∞‡∏ä‡∏≤‡∏ä‡∏ô ‡∏ä‡∏∏‡∏°‡∏ä‡∏ô ‡∏ß‡∏±‡∏î ‡∏°‡∏∞‡∏Å‡∏≠‡∏Å ‡∏Å‡∏•‡∏≤‡∏á ‡∏™‡∏ß‡∏ô ‡∏ó‡∏¥‡πâ‡∏á ‡∏Ç‡∏¢‡∏∞ ‡∏Ç‡πâ‡∏≤‡∏á‡∏ó‡∏≤‡∏á ‡∏ô‡πâ‡∏≥‡πÄ‡∏™‡∏µ‡∏¢ ‡∏Å‡∏≠‡∏á ‡∏Ç‡∏¢‡∏∞ ‡πÑ‡∏´‡∏• ‡πÄ‡∏Ñ‡∏•‡∏∑‡∏≠‡∏ö ‡∏û‡∏∑‡πâ‡∏ô ‡∏ú‡∏¥‡∏ß‡∏ñ‡∏ô‡∏ô ‡πÄ‡∏ß‡∏•‡∏≤ ‡∏ù‡∏ô‡∏ï‡∏Å ‡∏ñ‡∏ô‡∏ô ‡∏•‡∏∑‡πâ‡∏ô ‡∏£‡∏ñ ‡∏•‡πâ‡∏° ‡∏ä‡∏ô ‡∏û‡∏∑‡πâ‡∏ô‡∏ó‡∏µ‡πà ‡∏ô‡πâ‡∏≥‡∏ù‡∏ô ‡∏ó‡πà‡∏ß‡∏° ‡∏Ç‡∏±‡∏á ‡∏à‡∏≥‡∏ô‡∏ß‡∏ô‡∏°‡∏≤‡∏Å,0,0,0,0,0,0,1,0,0,1,0,0,0,0,0,0,0,0,0,0,0,0,0,0,0.0,0.0,0.0,0.0,0.0,0.0,0.0,0.0,0.0,0.0,0.0,0.0,0.0,0.0,0.0,0.0,0.0,0.0,0.0,0.0,0.0,0.0,0.0,0.0,0.0,0.0,0.0,0.0,1.0,0.0,0.0,0.0,0.0,0.0,0.0,0.0,0.0,0.0,0.0,0.0,0.0,0.0,0.0,0.0,0.0,0.0,0.0,0.0,0.0,331,506.019
744,‡∏ö‡∏£‡∏¥‡πÄ‡∏ß‡∏ì ‡∏´‡∏ô‡πâ‡∏≤ ‡πÇ‡∏£‡∏á‡πÅ‡∏£‡∏° best western ‡∏™‡∏∞‡∏û‡∏≤‡∏ô ‡πÄ‡∏Ç‡∏ï ‡πÄ‡∏Ç‡∏ô ‡∏ï‡∏£‡∏á‡∏Ç‡πâ‡∏≤‡∏° ‡πÇ‡∏•‡∏ï‡∏±‡∏™ ‡πÄ‡∏Ç‡∏ô ‡∏ã‡∏≠‡∏¢ ‡∏û‡∏´‡∏•‡πÇ‡∏¢‡∏ò‡∏¥‡∏ô 57,0,0,0,0,0,0,0,0,0,0,0,0,0,0,0,0,0,1,0,0,0,0,0,0,0.0,0.0,0.0,0.0,0.0,0.0,0.0,0.0,0.0,0.0,0.0,0.0,0.0,0.0,0.0,0.0,0.0,0.0,0.0,0.0,0.0,0.0,1.0,0.0,0.0,0.0,0.0,0.0,0.0,0.0,0.0,0.0,0.0,0.0,0.0,0.0,0.0,0.0,0.0,0.0,0.0,0.0,0.0,0.0,0.0,0.0,0.0,0.0,0.0,121,511.70093
759,‡∏ö‡∏£‡∏¥‡πÄ‡∏ß‡∏ì ‡∏´‡∏ô‡πâ‡∏≤ ‡∏ß‡∏±‡∏î ‡∏•‡∏≤‡∏î ‡∏õ‡∏•‡∏≤ ‡πÄ‡∏Ñ‡πâ‡∏≤ ( ‡∏•‡∏≤‡∏î ‡∏õ‡∏•‡∏≤ ‡πÄ‡∏Ñ‡πâ‡∏≤ 56 ) ‡∏ï‡∏•‡∏≤‡∏î ‡∏ö‡∏±‡∏ß ( ‡∏•‡∏≤‡∏î ‡∏õ‡∏•‡∏≤ ‡πÄ‡∏Ñ‡πâ‡∏≤ 63 ) ‡∏ä‡∏≠‡∏ö ‡∏£‡∏ñ ‡∏à‡∏≠‡∏î ‡πÅ‡∏ä‡πà ‡∏£‡∏ñ‡∏ï‡∏¥‡∏î ‡πÄ‡∏ä‡πâ‡∏≤ ‡πÄ‡∏¢‡πá‡∏ô ‡∏ï‡∏¥‡∏î ‡∏ñ‡∏ô‡∏ô ‡∏õ‡∏£‡∏∞‡πÄ‡∏™‡∏£‡∏¥‡∏ê ‡∏°‡∏ô‡∏π ‡∏Å‡∏¥‡∏à,0,0,0,0,0,0,0,1,0,1,0,0,0,0,0,0,0,0,0,0,0,0,0,0,0.0,0.0,0.0,0.0,0.0,0.0,0.0,0.0,0.0,0.0,0.0,0.0,0.0,0.0,0.0,0.0,0.0,0.0,0.0,0.0,0.0,0.0,0.0,0.0,0.0,0.0,0.0,0.0,0.0,0.0,0.0,0.0,0.0,0.0,0.0,0.0,0.0,1.0,0.0,0.0,0.0,0.0,0.0,0.0,0.0,0.0,0.0,0.0,0.0,117,465.66394
764,‡∏á‡∏±‡πâ‡∏ô ‡∏£‡πâ‡∏≠‡∏á‡πÄ‡∏£‡∏µ‡∏¢‡∏ô ‡πÄ‡∏£‡∏∑‡πà‡∏≠‡∏á ‡∏õ‡∏±‡∏ç‡∏´‡∏≤ ‡∏ô‡πâ‡∏≥‡πÄ‡∏™‡∏µ‡∏¢ ‡∏•‡∏≥‡∏Ñ‡∏•‡∏≠‡∏á ‡∏´‡∏ô‡πâ‡∏≤‡∏ö‡πâ‡∏≤‡∏ô ‡∏ö‡πâ‡∏≤‡∏ô ‡∏ú‡∏° ‡∏ö‡∏£‡∏¥‡πÄ‡∏ß‡∏ì ‡πÄ‡∏Ç‡∏ï ‡∏ß‡∏±‡∏í‡∏ô‡∏≤ ‡∏ñ‡∏ô‡∏ô ‡∏™‡∏∏‡∏Ç‡∏∏‡∏°‡∏ß‡∏¥‡∏ó 71 ‡∏ã. ‡∏õ‡∏£‡∏µ‡∏î‡∏µ‡∏û‡∏ô‡∏°‡∏¢‡∏á‡∏Ñ‡πå 26 ‡∏´‡∏°‡∏π‡πà‡∏ö‡πâ‡∏≤‡∏ô ‡πÄ‡∏Å‡∏©‡∏° ‡∏™‡∏≥‡∏£‡∏≤‡∏ç 1 ‡∏ã. 2 ‡∏õ‡∏±‡∏ç‡∏´‡∏≤ ‡∏ã‡∏≠‡∏¢ ‡∏•‡∏≥‡∏Ñ‡∏•‡∏≠‡∏á ‡∏ô‡πâ‡∏≥‡πÄ‡∏ô‡πà‡∏≤ ‡πÄ‡∏™‡πâ‡∏ô ‡∏ï‡∏±‡∏î‡∏ú‡πà‡∏≤‡∏ô ‡∏ö‡∏£‡∏¥‡πÄ‡∏ß‡∏ì ‡∏´‡∏°‡∏π‡πà‡∏ö‡πâ‡∏≤‡∏ô ‡πÄ‡∏Å‡∏©‡∏° ‡∏™‡∏≥‡∏£‡∏≤‡∏ç 1 ‡∏£‡∏£. ‡∏û‡∏£‡∏∞ ‡∏´‡∏§‡∏ó‡∏±‡∏¢ ‡∏û‡∏±‡∏í‡∏ô ‡πÄ‡∏ß‡∏®‡∏°‡πå ‡∏ô‡πâ‡∏≥ ‡πÄ‡∏ô‡πà‡∏≤‡πÄ‡∏™‡∏µ‡∏¢ ‡πÄ‡∏î‡πá‡∏Å ‡∏¢‡πâ‡∏≤‡∏ô ‡∏ß‡πà‡∏≤‡∏¢‡∏ô‡πâ‡∏≥ ‡∏ï‡∏Å‡∏õ‡∏•‡∏≤ ‡πÄ‡∏Å‡∏£‡∏á ‡∏°‡∏µ‡∏õ‡∏±‡∏ç‡∏´‡∏≤ ‡∏™‡∏∏‡∏Ç‡∏†‡∏≤‡∏û ‡∏ô‡πâ‡∏≥ ‡∏•‡πâ‡∏ô ‡∏ï‡∏•‡∏¥‡πà‡∏á ‡∏£‡∏∞‡∏ö‡∏ö ‡∏£‡∏∞‡∏ö‡∏≤‡∏¢ ‡∏ô‡πâ‡∏≥ ‡∏ö‡∏£‡∏¥‡πÄ‡∏ß‡∏ì ‡∏™‡∏π‡∏ö ‡πÑ‡∏´‡∏• ‡∏ö‡πâ‡∏≤‡∏ô‡πÄ‡∏£‡∏∑‡∏≠‡∏ô ‡∏°‡∏µ‡∏£‡∏∞‡∏î‡∏±‡∏ö ‡∏ï‡πà‡∏≥‡∏Å‡∏ß‡πà‡∏≤ ‡πÅ‡∏ñ‡∏ö ‡∏ã. ‡∏õ‡∏£‡∏µ‡∏î‡∏µ‡∏û‡∏ô‡∏°‡∏¢‡∏á‡∏Ñ‡πå ‡πÄ‡∏ä‡∏∑‡πà‡∏≠‡∏° ‡∏Ñ‡∏•‡∏≠‡∏á ‡∏û‡∏£‡∏∞ ‡πÇ‡∏Ç‡∏ô‡∏á ‡∏¢‡∏±‡∏á‡∏°‡∏µ ‡∏Ñ‡∏•‡∏≠‡∏á ‡πÄ‡∏™‡πâ‡∏ô ‡∏ó‡∏µ‡πà‡∏≠‡∏¢‡∏π‡πà ‡∏ó‡∏≤‡∏á‡∏î‡πà‡∏ß‡∏ô ‡∏ä‡∏∏‡∏°‡∏ä‡∏ô‡πÅ‡∏≠‡∏≠‡∏±‡∏î ‡∏Ñ‡∏∏‡∏ì‡∏†‡∏≤‡∏û ‡∏î‡∏µ ‡∏≠‡∏µ‡∏Å‡∏î‡πâ‡∏ß‡∏¢,0,0,0,0,1,0,0,0,0,1,0,0,0,0,0,0,0,0,0,0,0,0,0,0,0.0,0.0,0.0,0.0,0.0,0.0,0.0,0.0,0.0,0.0,0.0,0.0,0.0,0.0,0.0,0.0,0.0,0.0,0.0,0.0,0.0,0.0,0.0,0.0,0.0,0.0,0.0,0.0,0.0,0.0,0.0,0.0,0.0,0.0,0.0,0.0,0.0,0.0,0.0,1.0,0.0,0.0,0.0,0.0,0.0,0.0,0.0,0.0,0.0,2558,1240.4666
768,‡∏™‡∏∞‡∏û‡∏≤‡∏ô‡∏•‡∏≠‡∏¢ ‡∏Ñ‡∏ô ‡∏Ç‡πâ‡∏≤‡∏° ‡∏´‡πâ‡∏≤‡∏á ‡∏û‡∏≤‡∏£‡∏≤‡πÑ‡∏î‡∏ã‡πå ‡∏û‡∏≤‡∏£‡πå‡∏Ñ ‡∏à‡∏∏‡∏î ‡πë https ://goo.gl/maps/yhfejspcn8nshmmd6,0,0,0,0,0,0,0,0,0,0,0,0,0,0,0,0,0,1,0,0,0,0,0,0,0.0,0.0,0.0,0.0,0.0,0.0,0.0,0.0,0.0,0.0,0.0,0.0,0.0,0.0,0.0,0.0,0.0,0.0,0.0,0.0,0.0,0.0,0.0,0.0,0.0,0.0,1.0,0.0,0.0,0.0,0.0,0.0,0.0,0.0,0.0,0.0,0.0,0.0,0.0,0.0,0.0,0.0,0.0,0.0,0.0,0.0,0.0,0.0,0.0,602,444.64816
778,‡∏™‡∏∏‡∏ô‡∏±‡∏Ç‡∏à‡∏£‡∏à‡∏±‡∏î,0,0,0,0,0,0,0,0,0,0,0,0,0,0,0,0,0,0,1,0,0,0,0,0,0.0,0.0,0.0,0.0,0.0,0.0,0.0,0.0,0.0,0.0,0.0,0.0,0.0,0.0,0.0,0.0,0.0,0.0,0.0,0.0,0.0,0.0,0.0,0.0,0.0,0.0,0.0,0.0,0.0,0.0,0.0,0.0,0.0,0.0,0.0,0.0,0.0,0.0,0.0,0.0,0.0,0.0,0.0,0.0,1.0,0.0,0.0,0.0,0.0,275,642.68274
788,‡∏ô‡πâ‡∏≥ ‡πÄ‡∏ô‡πà‡∏≤‡πÄ‡∏™‡∏µ‡∏¢ ‡∏Ç‡∏¢‡∏∞ ‡∏Ñ‡∏•‡∏≠‡∏á,0,0,0,0,1,0,1,0,0,0,0,0,0,0,0,0,0,0,0,0,0,0,0,0,0.0,0.0,0.0,0.0,1.0,0.0,0.0,0.0,0.0,0.0,0.0,0.0,0.0,0.0,0.0,0.0,0.0,0.0,0.0,0.0,0.0,0.0,0.0,0.0,0.0,0.0,0.0,0.0,0.0,0.0,0.0,0.0,0.0,0.0,0.0,0.0,0.0,0.0,0.0,0.0,0.0,0.0,0.0,0.0,0.0,0.0,0.0,0.0,0.0,950,105.188515
792,‡πÄ‡∏ß‡∏•‡∏≤ ‡∏ù‡∏ô‡∏ï‡∏Å ‡∏°‡∏µ‡∏õ‡∏±‡∏ç‡∏´‡∏≤ ‡∏ô‡πâ‡∏≥‡∏ó‡πà‡∏ß‡∏° ‡∏Ç‡∏±‡∏á ‡∏ü‡∏∏‡∏ï‡∏ö‡∏≤‡∏ó,0,0,0,0,0,0,0,0,0,0,1,0,1,0,0,0,0,0,0,0,0,0,0,0,0.0,0.0,0.0,0.0,0.0,0.0,0.0,0.0,0.0,0.0,0.0,0.0,0.0,0.0,0.0,0.0,0.0,0.0,0.0,0.0,0.0,0.0,0.0,0.0,0.0,0.0,0.0,0.0,0.0,0.0,0.0,1.0,0.0,0.0,0.0,0.0,0.0,0.0,0.0,0.0,0.0,0.0,0.0,0.0,0.0,0.0,0.0,0.0,0.0,904,157.35228
796,‡∏õ‡∏±‡∏ç‡∏´‡∏≤ ‡∏£‡∏ñ‡∏ï‡∏¥‡∏î,0,0,0,0,0,0,0,1,0,0,0,0,0,0,0,0,0,0,0,0,0,0,0,0,0.0,0.0,0.0,0.0,0.0,0.0,0.0,0.0,0.0,0.0,0.0,0.0,0.0,0.0,0.0,0.0,0.0,0.0,0.0,0.0,0.0,0.0,0.0,1.0,0.0,0.0,0.0,0.0,0.0,0.0,0.0,0.0,0.0,0.0,0.0,0.0,0.0,0.0,0.0,0.0,0.0,0.0,0.0,0.0,0.0,0.0,0.0,0.0,0.0,1138,940.94073
817,‡∏ó‡∏≤‡∏á‡πÄ‡∏ó‡πâ‡∏≤ ‡∏ä‡∏≥‡∏£‡∏∏‡∏î ‡∏Ç‡∏¢‡∏∞,0,0,0,0,0,0,1,0,0,0,1,0,0,0,0,0,0,0,0,0,0,0,0,0,0.0,0.0,0.0,0.0,0.0,0.0,0.0,0.0,0.0,0.0,0.0,0.0,0.0,0.0,0.0,0.0,0.0,0.0,0.0,0.0,0.0,0.0,0.0,0.0,0.0,0.0,0.0,0.0,0.0,0.0,0.0,1.0,0.0,0.0,0.0,0.0,0.0,0.0,0.0,0.0,0.0,0.0,0.0,0.0,0.0,0.0,0.0,0.0,0.0,131,344.10336
820,‡∏´‡∏±‡∏ß‡∏°‡∏∏‡∏°‡∏ñ‡∏ô‡∏ô ‡∏ß‡∏á‡∏®‡πå ‡∏™‡∏ß‡πà‡∏≤‡∏á ‡∏´‡∏±‡∏ß‡πÇ‡∏Ñ‡πâ‡∏á ‡πÄ‡∏ä‡∏¥‡∏á ‡∏™‡∏∞‡∏û‡∏≤‡∏ô ‡∏û‡∏£‡∏∞‡∏£‡∏≤‡∏° 7 ‡∏ù‡∏±‡πà‡∏á ‡∏°‡∏∏‡πà‡∏á‡∏´‡∏ô‡πâ‡∏≤ ‡πÅ‡∏¢‡∏Å ‡∏ß‡∏á‡∏®‡πå ‡∏™‡∏ß‡πà‡∏≤‡∏á ‡πÄ‡∏Ç‡∏ï ‡∏ã‡∏∑‡πà‡∏≠ ‡∏õ‡πâ‡∏≠‡∏° ‡∏ï‡∏≥‡∏£‡∏ß‡∏à ‡πÉ‡∏ä‡πâ‡∏á‡∏≤‡∏ô 30 ‡∏õ‡∏µ ( ‡∏¢‡∏∏‡∏Ñ ‡∏™‡∏∞‡∏û‡∏≤‡∏ô ‡∏û‡∏£‡∏∞‡∏£‡∏≤‡∏° 7 ) ‡∏Å‡∏•‡∏≤‡∏¢‡πÄ‡∏õ‡πá‡∏ô ‡∏ó‡∏µ‡πà‡πÄ‡∏Å‡πá‡∏ö - ‡∏Å‡∏µ‡∏î‡∏Ç‡∏ß‡∏≤‡∏á ‡∏ó‡∏≤‡∏á‡πÄ‡∏ó‡πâ‡∏≤ ‡∏Ç‡∏≠‡πÉ‡∏´‡πâ ‡∏û‡∏¥‡∏à‡∏≤‡∏£‡∏ì‡∏≤ ‡∏£‡∏∑‡πâ‡∏≠‡∏ñ‡∏≠‡∏ô,0,0,1,0,0,0,0,0,0,0,0,0,0,0,0,0,0,1,0,0,0,0,0,0,0.0,0.0,0.0,0.0,0.0,0.0,0.0,0.0,0.0,0.0,0.0,0.0,0.0,0.0,0.0,0.0,0.0,1.0,0.0,0.0,0.0,0.0,0.0,0.0,0.0,0.0,0.0,0.0,0.0,0.0,0.0,0.0,0.0,0.0,0.0,0.0,0.0,0.0,0.0,0.0,0.0,0.0,0.0,0.0,0.0,0.0,0.0,0.0,0.0,522,857.45935
826,‡∏™‡∏ß‡∏±‡∏™‡∏î‡∏µ ‡∏£‡πâ‡∏≠‡∏á‡πÄ‡∏£‡∏µ‡∏¢‡∏ô ‡πÄ‡∏£‡∏∑‡πà‡∏≠‡∏á ‡πÅ‡∏™‡∏á‡∏™‡∏ß‡πà‡∏≤‡∏á ‡∏™‡∏ñ‡∏≤‡∏ô‡∏ó‡∏µ‡πà : ‡∏™‡∏∏ ‡∏Ñ‡∏ô ‡∏™‡∏ß‡∏±‡∏™‡∏î‡∏¥‡πå ‡∏ã‡∏≠‡∏¢ 1 ‡∏ã‡∏≠‡∏¢ ‡πÑ‡∏ü ‡∏ï‡∏¥‡∏î ‡∏°‡∏∑‡∏î ‡πÄ‡∏õ‡∏•‡∏µ‡πà‡∏¢‡∏ß ‡∏î‡∏ß‡∏á ‡∏ï‡∏¥‡∏î ‡∏î‡∏ß‡∏á ‡∏£‡∏π‡πâ ‡∏Å‡∏µ‡πà ‡πÅ‡∏£‡∏á‡πÄ‡∏ó‡∏µ‡∏¢‡∏ô ‡πÅ‡∏™‡∏á ‡∏û‡∏£‡∏∞‡∏à‡∏±‡∏ô‡∏ó‡∏£‡πå ‡πÄ‡∏î‡∏∑‡∏≠‡∏ô‡∏´‡∏á‡∏≤‡∏¢ ‡∏™‡∏ß‡πà‡∏≤‡∏á ‡∏†‡∏≤‡∏û ‡∏ñ‡πà‡∏≤‡∏¢ 3 ‡∏ó‡∏∏‡πà‡∏°,0,0,0,0,0,0,0,0,0,0,0,0,0,0,0,0,0,0,0,0,0,0,0,1,0.0,0.0,0.0,0.0,0.0,0.0,0.0,0.0,0.0,0.0,0.0,0.0,0.0,0.0,0.0,0.0,0.0,0.0,0.0,0.0,0.0,0.0,0.0,0.0,0.0,0.0,0.0,0.0,0.0,0.0,0.0,0.0,0.0,0.0,0.0,0.0,0.0,1.0,0.0,0.0,0.0,0.0,0.0,0.0,0.0,0.0,0.0,0.0,0.0,1217,66.74668
835,‡∏ó‡∏≤‡∏á‡πÄ‡∏î‡∏¥‡∏ô ‡∏£‡∏¥‡∏°‡∏ñ‡∏ô‡∏ô bts ‡∏ß‡∏∏‡∏í‡∏≤ ‡∏Å‡∏≤ ‡∏® ‡πÑ‡∏ü ‡∏°‡∏∑‡∏î ‡∏≠‡∏±‡∏ô‡∏ï‡∏£‡∏≤‡∏¢,0,0,0,0,0,1,0,0,0,0,0,0,0,0,0,0,0,0,0,0,0,0,0,1,0.0,0.0,0.0,0.0,1.0,0.0,0.0,0.0,0.0,0.0,0.0,0.0,0.0,0.0,0.0,0.0,0.0,0.0,0.0,0.0,0.0,0.0,0.0,0.0,0.0,0.0,0.0,0.0,0.0,0.0,0.0,0.0,0.0,0.0,0.0,0.0,0.0,0.0,0.0,0.0,0.0,0.0,0.0,0.0,0.0,0.0,0.0,0.0,0.0,467,406.67932
838,‡∏à‡∏∏‡∏î‡∏£‡∏ß‡∏° ‡∏Ç‡∏¢‡∏∞ ‡∏ö‡∏£‡∏¥‡πÄ‡∏ß‡∏ì ‡∏õ‡∏£‡∏∞‡∏ï‡∏π ‡∏ö‡∏Å . ‡∏ó‡∏ö. ( ‡∏°‡∏±‡∏Ü‡∏ß‡∏≤‡∏ô ‡∏£‡∏±‡∏á‡∏™‡∏£‡∏£‡∏Ñ‡πå ) ‡∏ñ. ‡∏Å‡∏£‡∏∏‡∏á ‡πÄ‡∏Å‡∏©‡∏° ‡πÄ‡∏Ç‡∏ï ‡∏õ‡πâ‡∏≠‡∏°‡∏õ‡∏£‡∏≤‡∏ö‡∏®‡∏±‡∏ï‡∏£‡∏π‡∏û‡πà‡∏≤‡∏¢ ‡∏°‡∏µ‡∏õ‡∏±‡∏ç‡∏´‡∏≤ ‡∏õ‡∏µ ( ‡∏¢‡∏Å‡πÄ‡∏ß‡πâ‡∏ô ‡∏ó‡∏µ‡πà‡∏à‡∏∞ ‡∏Ç‡∏ö‡∏ß‡∏ô ‡πÄ‡∏™‡∏î‡πá‡∏à ) ‡∏ñ‡∏±‡∏á‡∏Ç‡∏¢‡∏∞ ‡∏¢‡∏∏‡∏Ñ ‡πÄ‡∏õ‡∏•‡∏µ‡πà‡∏¢‡∏ô‡πÄ‡∏õ‡πá‡∏ô ‡∏Ñ‡∏≠‡∏Å ‡∏Ç‡∏¢‡∏∞ ‡πÄ‡∏õ‡πá‡∏ô‡∏Å‡∏≠‡∏á ‡∏Ç‡∏¢‡∏∞ ‡∏Ç‡∏¢‡∏∞ ‡∏ô‡πâ‡∏≥ ‡∏Ç‡∏¢‡∏∞ ‡πÑ‡∏´‡∏• ‡πÄ‡∏û‡∏µ‡∏¢‡∏ö ‡∏Å‡∏•‡∏¥‡πà‡∏ô ‡πÄ‡∏´‡∏°‡πá‡∏ô ‡∏ó‡∏≥‡∏á‡∏≤‡∏ô 9 ‡∏õ‡∏µ ‡∏¢‡πâ‡∏≤‡∏¢ ‡∏≠‡∏≠‡∏Å‡∏°‡∏≤ ‡∏Ç‡∏≠‡πÉ‡∏´‡πâ ‡∏û‡∏¥‡∏à‡∏≤‡∏£‡∏ì‡∏≤ ‡∏ï‡∏π‡πâ ‡∏ó‡∏¥‡πâ‡∏á ‡∏Ç‡∏¢‡∏∞ ‡πÄ‡∏´‡∏•‡πá‡∏Å ‡∏Ç‡∏ô‡∏≤‡∏î‡πÉ‡∏´‡∏ç‡πà ( ‡∏ù‡∏≤ ‡∏™‡∏≥‡∏´‡∏£‡∏±‡∏ö ‡πÇ‡∏¢‡∏ô ‡∏ñ‡∏∏‡∏á ‡∏Ç‡∏¢‡∏∞ ) ‡∏î‡∏µ,0,0,0,0,0,0,1,0,0,0,0,0,0,0,0,0,0,0,0,0,0,0,0,0,0.0,0.0,0.0,0.0,0.0,0.0,0.0,0.0,0.0,0.0,0.0,0.0,0.0,0.0,0.0,0.0,0.0,0.0,0.0,0.0,0.0,0.0,0.0,0.0,0.0,0.0,0.0,1.0,0.0,0.0,0.0,0.0,0.0,0.0,0.0,0.0,0.0,0.0,0.0,0.0,0.0,0.0,0.0,0.0,0.0,0.0,0.0,0.0,0.0,2223,292.07233
839,‡∏£‡∏≤‡∏¢‡∏á‡∏≤‡∏ô ‡∏ù‡∏≤ ‡∏ó‡πà‡∏≠ ‡∏ü‡∏∏‡∏ï‡∏ö‡∏≤‡∏ó ‡∏ä‡∏≥‡∏£‡∏∏‡∏î ‡πÄ‡∏™‡∏≤ ‡∏ó‡∏≤‡∏á‡πÄ‡∏î‡∏¥‡∏ô ‡∏ã‡∏≠‡∏¢ ‡∏ö‡∏£‡∏° ‡∏£‡∏≤‡∏ä ‡∏ä‡∏ô‡∏ô‡∏µ 35 ‡πÄ‡∏Ç‡∏ï ‡∏ï‡∏•‡∏¥‡πà‡∏á‡∏ä‡∏±‡∏ô ‡∏ã‡∏≠‡∏¢ ‡∏ö‡∏£‡∏° ‡∏£‡∏≤‡∏ä ‡∏ä‡∏ô‡∏ô‡∏µ 97 ‡∏Ç‡∏≤‡∏≠‡∏≠‡∏Å,0,0,0,0,0,0,0,0,0,0,1,1,0,0,0,0,0,0,0,0,0,0,0,0,0.0,0.0,0.0,0.0,0.0,0.0,0.0,0.0,1.0,0.0,0.0,0.0,0.0,0.0,0.0,0.0,0.0,0.0,0.0,0.0,0.0,0.0,0.0,0.0,0.0,0.0,0.0,0.0,0.0,0.0,0.0,0.0,0.0,0.0,0.0,0.0,0.0,0.0,0.0,0.0,0.0,0.0,0.0,0.0,0.0,0.0,0.0,0.0,0.0,724,641.5343
841,‡πÄ‡∏î‡∏¥‡∏ô‡∏ó‡∏≤‡∏á ‚Äú ‡∏™‡∏ñ‡∏≤‡∏ô‡∏µ ‡∏ö‡∏≥‡∏´ ‡∏£‡∏∏ ‚Äù ‡∏£‡∏ñ‡πÇ‡∏î‡∏¢‡∏™‡∏≤‡∏£ ‡∏™‡∏≤‡∏ò‡∏≤‡∏£‡∏ì‡∏∞ ‡πÉ‡∏´‡πâ‡∏ö‡∏£‡∏¥‡∏Å‡∏≤‡∏£ ‡∏ñ‡∏ô‡∏ô‡πÉ‡∏´‡∏ç‡πà ‡∏ó‡∏≥ ‡πÉ‡∏´‡πâ‡∏Å‡∏≤‡∏£ ‡πÄ‡∏î‡∏¥‡∏ô‡∏ó‡∏≤‡∏á ‡∏≠‡∏≠‡∏Å‡∏à‡∏≤‡∏Å ‡∏™‡∏ñ‡∏≤‡∏ô‡∏µ ‡∏•‡∏≥‡∏ö‡∏≤‡∏Å ‡∏£‡∏ñ ‡∏™‡πà‡∏ß‡∏ô‡∏ï‡∏±‡∏ß ‡πÅ‡∏ó‡πá‡∏Å‡∏ã‡∏µ‡πà,0,0,0,0,0,0,0,0,0,1,0,0,0,0,0,0,0,0,0,0,0,0,0,0,0.0,0.0,0.0,0.0,0.0,0.0,0.0,0.0,0.0,0.0,0.0,0.0,0.0,0.0,0.0,0.0,0.0,0.0,0.0,0.0,1.0,0.0,0.0,0.0,0.0,0.0,0.0,0.0,0.0,0.0,0.0,0.0,0.0,0.0,0.0,0.0,0.0,0.0,0.0,0.0,0.0,0.0,0.0,0.0,0.0,0.0,0.0,0.0,0.0,423,207.04695
852,‡πÅ‡∏à‡πâ‡∏á ‡πÑ‡∏ü ‡∏™‡πà‡∏≠‡∏á‡∏™‡∏ß‡πà‡∏≤‡∏á ‡πÄ‡∏™‡∏≤ ‡πÄ‡∏´‡∏•‡πá‡∏Å ‡πÇ‡∏Ñ‡∏° hi-bay 4 ‡πÅ‡∏â‡∏Å (1 ‡πÄ‡∏™‡∏≤ ‡πÇ‡∏Ñ‡∏°‡πÑ‡∏ü 4 ‡∏î‡∏ß‡∏á ) ‡∏î‡∏±‡∏ö ‡∏ä‡∏≥‡∏£‡∏∏‡∏î ‡πÄ‡∏™‡∏≤ ( ‡∏û‡∏∑‡πâ‡∏ô‡∏ó‡∏µ‡πà ‡πÄ‡∏Ç‡∏ï ‡∏£‡∏≤‡∏ä ‡πÄ‡∏ó‡∏ß‡∏µ ) ‡∏ö‡∏£‡∏¥‡πÄ‡∏ß‡∏ì ‡πÅ‡∏¢‡∏Å ‡∏™‡∏≤‡∏°‡πÄ‡∏´‡∏•‡∏µ‡πà‡∏¢‡∏° ‡∏î‡∏¥‡∏ô‡πÅ‡∏î‡∏á ( ‡∏ñ. ‡∏£‡∏≤‡∏ä ‡∏õ‡∏£‡∏≤‡∏£‡∏† ‡∏ï‡∏±‡∏î ‡∏ñ. ‡∏î‡∏¥‡∏ô‡πÅ‡∏î‡∏á ) ‡πÄ‡∏™‡∏≤ ‡πÑ‡∏ü hi-bay 4 ‡πÅ‡∏â‡∏Å ‡∏´‡∏±‡∏ß‡∏°‡∏∏‡∏° ‡∏´‡∏ô‡πâ‡∏≤ ‡πÇ‡∏£‡∏á‡πÅ‡∏£‡∏° ‡πÄ‡∏ã‡πá‡∏ô ‡∏à‡∏π ‡∏£‡∏µ‡πà ‡∏û‡∏≤‡∏£‡∏Ñ‡πå ‡πÑ‡∏ü ‡∏î‡∏±‡∏ö ‡πÄ‡∏™‡∏≤,0,0,0,0,0,0,0,0,0,0,0,0,0,0,0,0,0,0,0,0,0,0,0,1,0.0,0.0,0.0,0.0,0.0,0.0,0.0,0.0,0.0,0.0,0.0,0.0,0.0,0.0,0.0,0.0,0.0,0.0,0.0,0.0,0.0,0.0,0.0,0.0,0.0,0.0,0.0,0.0,0.0,0.0,0.0,0.0,0.0,0.0,1.0,0.0,0.0,0.0,0.0,0.0,0.0,0.0,0.0,0.0,0.0,0.0,0.0,0.0,0.0,128,207.04695
856,1 . ‡∏ã‡∏≠‡∏¢ ‡∏ô‡πâ‡∏≥‡∏ó‡πà‡∏ß‡∏° ‡∏ó‡∏∏‡∏Å‡∏Ñ‡∏£‡∏±‡πâ‡∏á‡∏ó‡∏µ‡πà ‡∏ù‡∏ô‡∏ï‡∏Å ‡∏°‡∏µ‡∏ó‡∏≤‡∏á ‡∏£‡∏∞ ‡∏ö‡∏≤ ‡∏ö ‡∏ô‡πâ‡∏≥ ‡∏ã‡∏≠‡∏¢ ‡∏´‡∏°‡∏π‡πà‡∏ö‡πâ‡∏≤‡∏ô ‡∏ó‡∏≥ ‡∏ñ‡∏ô‡∏ô ‡∏ß‡∏≤‡∏á ‡∏ó‡πà‡∏≠,0,0,0,0,0,0,0,0,0,1,0,0,1,0,0,0,0,0,0,0,0,0,0,0,0.0,0.0,0.0,0.0,0.0,0.0,0.0,0.0,0.0,0.0,0.0,0.0,0.0,0.0,0.0,0.0,0.0,0.0,0.0,0.0,0.0,0.0,1.0,0.0,0.0,0.0,0.0,0.0,0.0,0.0,0.0,0.0,0.0,0.0,0.0,0.0,0.0,0.0,0.0,0.0,0.0,0.0,0.0,0.0,0.0,0.0,0.0,0.0,0.0,404,65.47697
889,‡πÄ‡∏£‡∏∑‡πà‡∏≠‡∏á ‡∏Ç‡∏≠‡πÉ‡∏´‡πâ ‡∏ó‡∏ö‡∏ó‡∏ß‡∏ô ‡∏Å‡∏≤‡∏£‡∏ä‡∏µ‡πâ‡πÅ‡∏à‡∏á ‡πÄ‡∏£‡∏∑‡πà‡∏≠‡∏á ‡∏£‡πâ‡∏≠‡∏á‡πÄ‡∏£‡∏µ‡∏¢‡∏ô ‚Äú ‡∏õ‡πâ‡∏≤‡∏¢ ‡πÅ‡∏ô‡∏∞‡∏ô‡∏≥ ‡πÄ‡∏™‡πâ‡∏ô‡∏ó‡∏≤‡∏á ‚Äù ‡∏ö‡∏î‡∏ö‡∏±‡∏á ‚Äú ‡∏õ‡πâ‡∏≤‡∏¢ ‡∏´‡πâ‡∏≤‡∏° ‡∏£‡∏ñ ‡∏ä‡∏ô‡∏¥‡∏î ‡∏≠‡∏∏‡πÇ‡∏°‡∏á‡∏Ñ‡πå ‚Äù ‚Äú ‡∏ï‡∏¥‡∏î ‡∏ï‡∏±‡πâ‡∏á‡∏≠‡∏¢‡∏π‡πà ‡πÄ‡∏´‡∏°‡∏≤‡∏∞‡∏™‡∏° ‚Äù ‡∏Å‡∏≤‡∏£‡∏ä‡∏µ‡πâ‡πÅ‡∏à‡∏á line @ ‡∏≠‡∏±‡∏®‡∏ß‡∏¥‡∏ô ‡∏Ñ‡∏•‡∏≤‡∏¢‡∏ó‡∏∏‡∏Å‡∏Ç‡πå ‡πÄ‡∏•‡∏Ç‡∏ó‡∏µ‡πà ‡∏≠ 11089 /64 . ‡∏£‡πâ‡∏≠‡∏á‡πÄ‡∏£‡∏µ‡∏¢‡∏ô ‡∏õ‡πâ‡∏≤‡∏¢ ‚Äú ‡πÅ‡∏ô‡∏∞‡∏ô‡∏≥ ‡πÄ‡∏™‡πâ‡∏ô‡∏ó‡∏≤‡∏á ‚Äù ‡∏ä‡∏ô‡∏¥‡∏î over head ‡πÄ‡∏´‡∏ô‡∏∑‡∏≠ ‡∏ñ‡∏ô‡∏ô ( ‡∏û‡∏∑‡πâ‡∏ô ‡∏õ‡πâ‡∏≤‡∏¢‡∏™‡∏µ ‡πÄ‡∏Ç‡∏µ‡∏¢‡∏ß ‡∏ï‡∏±‡∏ß‡∏≠‡∏±‡∏Å‡∏©‡∏£ ‡∏™‡∏µ ‡∏Ç‡∏≤‡∏ß ) ‡∏ñ. ‡∏£‡∏±‡∏ä‡∏î‡∏≤‡∏†‡∏¥‡πÄ‡∏©‡∏Å ‡∏ù‡∏±‡πà‡∏á ‡∏Ç‡∏≤‡πÄ‡∏Ç‡πâ‡∏≤ ‡∏ù‡∏±‡πà‡∏á ‡∏Ç‡∏≤‡∏≠‡∏≠‡∏Å ‡∏ó‡∏≤‡∏á‡∏•‡∏á ‡∏≠‡∏∏‡πÇ‡∏°‡∏á‡∏Ñ‡πå ‡∏•‡∏≠‡∏î ‡∏ó‡∏≤‡∏á‡πÅ‡∏¢‡∏Å ‡∏™‡∏∏‡∏ó‡∏ò‡∏¥ ‡∏™‡∏≤‡∏£ ‡πÅ‡∏¢‡∏Å ‡∏´‡πâ‡∏ß‡∏¢‡∏Ç‡∏ß‡∏≤‡∏á ‡πÄ‡∏Ç‡∏ï ‡∏î‡∏¥‡∏ô‡πÅ‡∏î‡∏á ‡∏õ‡∏±‡∏ç‡∏´‡∏≤ ‚Äú ‡∏õ‡πâ‡∏≤‡∏¢ ‡πÅ‡∏ô‡∏∞‡∏ô‡∏≥ ‡πÄ‡∏™‡πâ‡∏ô‡∏ó‡∏≤‡∏á ‚Äù ‡∏ö‡∏î‡∏ö‡∏±‡∏á ‡∏õ‡πâ‡∏≤‡∏¢ ‡∏ä‡∏ô‡∏¥‡∏î ‡πÅ‡∏Ç‡∏ß‡∏ô over hang ‡∏õ‡πâ‡∏≤‡∏¢ ‚Äú ‡∏´‡πâ‡∏≤‡∏° ‡∏£‡∏ñ‡∏à‡∏±‡∏Å‡∏£‡∏¢‡∏≤‡∏ô‡∏¢‡∏ô‡∏ï‡πå ‡∏£‡∏ñ‡∏ö‡∏£‡∏£‡∏ó‡∏∏‡∏Å ‡∏£‡∏ñ‡∏õ‡∏£‡∏∞‡∏à‡∏≥‡∏ó‡∏≤‡∏á ‡∏≠‡∏∏‡πÇ‡∏°‡∏á‡∏Ñ‡πå ‚Äù . ‡∏õ‡∏±‡∏ç‡∏´‡∏≤ ‡∏™‡πà‡∏á‡∏ú‡∏• ‡∏ú‡∏π‡πâ‡∏Ç‡∏±‡∏ö‡∏Ç‡∏µ‡πà ‡∏£‡∏ñ ‡∏°‡∏≠‡∏á‡πÄ‡∏´‡πá‡∏ô ‡∏Ç‡πâ‡∏≠‡∏Ñ‡∏ß‡∏≤‡∏° ‡∏™‡∏ñ‡∏≤‡∏ô‡∏ó‡∏µ‡πà ‚Äú ‡∏õ‡πâ‡∏≤‡∏¢ ‡πÅ‡∏ô‡∏∞‡∏ô‡∏≥ ‡πÄ‡∏™‡πâ‡∏ô‡∏ó‡∏≤‡∏á ‚Äù ‡∏ä‡∏±‡∏î‡πÄ‡∏à‡∏ô ‡∏°‡∏≠‡∏á‡πÄ‡∏´‡πá‡∏ô ‡∏£‡∏∞‡∏¢‡∏∞‡πÉ‡∏Å‡∏•‡πâ ‡∏Å‡∏£‡∏∞‡∏ä‡∏±‡πâ‡∏ô‡∏ä‡∏¥‡∏î ‡∏ú‡∏π‡πâ‡∏Ç‡∏±‡∏ö‡∏Ç‡∏µ‡πà ‡∏£‡∏ñ ‡∏Ñ‡∏∏‡πâ‡∏ô‡πÄ‡∏Ñ‡∏¢ ‡πÄ‡∏™‡πâ‡∏ô‡∏ó‡∏≤‡∏á ‡∏ä‡πà‡∏≠‡∏á ‡∏ó‡∏≤‡∏á‡∏Å‡∏≤‡∏£ ‡πÄ‡∏î‡∏¥‡∏ô‡∏£‡∏ñ ‡∏ä‡πà‡∏≠‡∏á‡∏ó‡∏≤‡∏á ‡∏ó‡∏≥ ‡∏Å‡∏£‡∏∞‡∏ä‡∏±‡πâ‡∏ô‡∏ä‡∏¥‡∏î ‡∏ó‡∏≤‡∏á‡∏•‡∏á ‡∏≠‡∏∏‡πÇ‡∏°‡∏á‡∏Ñ‡πå ‡∏ó‡∏≥‡πÉ‡∏´‡πâ‡πÄ‡∏Å‡∏¥‡∏î ‡∏≠‡∏∏‡∏ö‡∏±‡∏ï‡∏¥‡πÄ‡∏´‡∏ï‡∏∏ . ‡πÄ‡∏£‡∏∑‡πà‡∏≠‡∏á ‡∏£‡πâ‡∏≠‡∏á‡πÄ‡∏£‡∏µ‡∏¢‡∏ô ‡∏î‡∏±‡∏á‡∏Å‡∏•‡πà‡∏≤‡∏ß‡∏Ç‡πâ‡∏≤‡∏á‡∏ï‡πâ‡∏ô ‡∏Å‡∏≤‡∏£‡∏ä‡∏µ‡πâ‡πÅ‡∏à‡∏á ‡∏á‡∏≤‡∏ô ‡πÄ‡∏Ñ‡∏£‡∏∑‡πà‡∏≠‡∏á‡∏´‡∏°‡∏≤‡∏¢‡∏à‡∏£‡∏≤‡∏à‡∏£ 1 ‡∏™‡∏≥‡∏ô‡∏±‡∏Å ‡∏Å‡∏≤‡∏£‡∏à‡∏£‡∏≤‡∏à‡∏£ ‡∏Ç‡∏ô‡∏™‡πà‡∏á ‡∏Å‡∏£‡∏∏‡∏á‡πÄ‡∏ó‡∏û‡∏°‡∏´‡∏≤‡∏ô‡∏Ñ‡∏£ line @ ‡∏≠‡∏±‡∏®‡∏ß‡∏¥‡∏ô ‡∏Ñ‡∏•‡∏≤‡∏¢‡∏ó‡∏∏‡∏Å‡∏Ç‡πå ‡πÄ‡∏•‡∏Ç‡∏ó‡∏µ‡πà ‡∏≠ 11089 /64 ‡∏ß‡∏±‡∏ô‡∏ó‡∏µ‡πà 27 ‡∏ò.‡∏Ñ. 2564 ‚Äú ‡∏ï‡∏£‡∏ß‡∏à‡∏™‡∏≠‡∏ö ‡∏õ‡∏£‡∏∞ ‡∏Å‡∏é ‡∏õ‡πâ‡∏≤‡∏¢ ‡∏ï‡∏¥‡∏î‡∏ï‡∏±‡πâ‡∏á ‡∏à‡∏∏‡∏î ‡∏ï‡∏¥‡∏î‡∏ï‡∏±‡πâ‡∏á ‡∏ó‡∏µ‡πà‡∏≠‡∏¢‡∏π‡πà ‡∏Ñ‡∏ß‡∏≤‡∏°‡πÄ‡∏´‡∏°‡∏≤‡∏∞‡∏™‡∏° ‡∏£‡∏ñ‡∏¢‡∏ô‡∏ï‡πå ‡∏™‡∏±‡∏ç‡∏à‡∏£ ‡∏≠‡∏∏‡πÇ‡∏°‡∏á‡∏Ñ‡πå ‡∏•‡∏≠‡∏î ‡∏û‡∏£‡∏ö. ‡∏à‡∏£‡∏≤‡∏à‡∏£ ‡∏ó‡∏≤‡∏á‡∏ö‡∏Å ‡∏Å‡∏≥‡∏´‡∏ô‡∏î‡πÉ‡∏´‡πâ ‡∏Ñ‡∏ß‡∏≤‡∏°‡πÄ‡∏£‡πá‡∏ß 80 ‡∏Å‡∏°. / ‡∏ä‡∏°. ‡∏î‡∏±‡∏á‡∏ô‡∏±‡πâ‡∏ô ‡∏Ç‡∏±‡∏ö ‡∏£‡∏ñ‡∏¢‡∏ô‡∏ï‡πå ‡∏Ñ‡∏ß‡∏≤‡∏°‡πÄ‡∏£‡πá‡∏ß ‡∏ô‡∏Å ‡∏ß‡πà‡∏≤‡∏ó‡∏µ‡πà ‡∏Å‡∏é‡∏´‡∏°‡∏≤‡∏¢ ‡∏Ñ‡∏ß‡∏≤‡∏°‡∏™‡∏≤‡∏°‡∏≤‡∏£‡∏ñ ‡∏°‡∏≠‡∏á‡πÄ‡∏´‡πá‡∏ô ‡∏õ‡πâ‡∏≤‡∏¢ ‡∏ä‡∏±‡∏î‡πÄ‡∏à‡∏ô ‡∏Ñ‡∏ß‡∏≤‡∏°‡πÄ‡∏™‡∏µ‡πà‡∏¢‡∏á ‡∏≠‡∏∏‡∏ö‡∏±‡∏ï‡∏¥‡πÄ‡∏´‡∏ï‡∏∏ ‡∏ä‡πà‡∏≠‡∏á ‡∏ó‡∏≤‡∏á‡∏à‡∏£‡∏≤‡∏à‡∏£ ‡∏Å‡∏∞‡∏ó‡∏±‡∏ô‡∏´‡∏±‡∏ô ‚Äù . ‡∏Ç‡∏≠‡πÉ‡∏´‡πâ ‡∏ó‡∏ö ‡∏ó‡∏ß‡∏ö ‡∏û‡∏¥‡∏à‡∏≤‡∏£‡∏ì‡∏≤ ‡πÄ‡∏£‡∏∑‡πà‡∏≠‡∏á ‡∏£‡πâ‡∏≠‡∏á‡πÄ‡∏£‡∏µ‡∏¢‡∏ô ‡∏≠‡∏µ‡∏Å‡∏Ñ‡∏£‡∏±‡πâ‡∏á ‡∏†‡∏≤‡∏û‡∏ñ‡πà‡∏≤‡∏¢ ‡∏£‡πâ‡∏≠‡∏á‡πÄ‡∏£‡∏µ‡∏¢‡∏ô ‡∏ñ‡πà‡∏≤‡∏¢ ‡∏°‡∏∏‡∏°‡∏°‡∏≠‡∏á ‡∏Ç‡∏±‡∏ö‡∏£‡∏ñ ‡∏ä‡πà‡∏≠‡∏á‡∏à‡∏£‡∏≤‡∏à‡∏£ 2 ‡∏ä‡πà‡∏≠‡∏á ‡∏Ç‡∏ß‡∏≤ ‡∏ï‡∏¥‡∏î ‡πÄ‡∏Å‡∏≤‡∏∞‡∏Å‡∏•‡∏≤‡∏á‡∏ñ‡∏ô‡∏ô ‡πÅ‡∏™‡∏î‡∏á‡πÉ‡∏´‡πâ‡πÄ‡∏´‡πá‡∏ô ‡∏õ‡πâ‡∏≤‡∏¢ ‡πÅ‡∏ô‡∏∞‡∏ô‡∏≥ ‡πÄ‡∏™‡πâ‡∏ô‡∏ó‡∏≤‡∏á ‡∏ö‡∏î‡∏ö‡∏±‡∏á ‡∏†‡∏≤‡∏û‡∏ñ‡πà‡∏≤‡∏¢ ‡∏™‡∏≥‡∏ô‡∏±‡∏Å ‡∏Å‡∏≤‡∏£‡∏à‡∏£‡∏≤‡∏à‡∏£ ‡∏Ç‡∏ô‡∏™‡πà‡∏á ‡∏Å‡∏£‡∏∏‡∏á‡πÄ‡∏ó‡∏û‡∏°‡∏´‡∏≤‡∏ô‡∏Ñ‡∏£ ‡∏ä‡∏µ‡πâ‡πÅ‡∏à‡∏á ‡∏Å‡∏•‡∏±‡∏ö‡∏°‡∏≤ ‡∏†‡∏≤‡∏û‡∏ñ‡πà‡∏≤‡∏¢ ‡πÅ‡∏ô‡∏ß ‡πÄ‡∏â‡∏µ‡∏¢‡∏á ‡∏ñ‡∏ô‡∏ô ‡∏ä‡πà‡∏≠‡∏á‡∏à‡∏£‡∏≤‡∏à‡∏£ ‡∏ã‡πâ‡∏≤‡∏¢ ‡∏ï‡∏¥‡∏î ‡∏ö‡∏≤‡∏ó‡∏ß‡∏¥‡∏ñ‡∏µ ‡∏°‡∏∏‡∏°‡∏°‡∏≠‡∏á ‡∏°‡∏≠‡∏á‡πÄ‡∏´‡πá‡∏ô ‡∏õ‡πâ‡∏≤‡∏¢ ‡∏ö‡∏î‡∏ö‡∏±‡∏á,0,0,0,0,0,0,0,0,0,1,0,0,0,0,0,0,0,0,0,0,0,1,0,0,0.0,0.0,0.0,0.0,0.0,0.0,1.0,0.0,0.0,0.0,0.0,0.0,0.0,0.0,0.0,0.0,0.0,0.0,0.0,0.0,0.0,0.0,0.0,0.0,0.0,0.0,0.0,0.0,0.0,0.0,0.0,0.0,0.0,0.0,0.0,0.0,0.0,0.0,0.0,0.0,0.0,0.0,0.0,0.0,0.0,0.0,0.0,0.0,0.0,468,278.03006
897,‡∏ù‡∏≤ ‡∏ó‡πà‡∏≠ mea ‡∏Å‡∏£‡∏∞‡∏î‡∏Å ‡πÄ‡∏ß‡∏•‡∏≤ ‡∏£‡∏ñ ‡∏ß‡∏¥‡πà‡∏á ‡∏ó‡∏±‡∏ö ‡πÄ‡∏™‡∏µ‡∏¢‡∏á‡∏î‡∏±‡∏á ‡∏™‡∏∞‡πÄ‡∏ó‡∏∑‡∏≠‡∏ô ‡∏ö‡πâ‡∏≤‡∏ô ‡πÉ‡∏Å‡∏•‡πâ‡πÄ‡∏Ñ‡∏µ‡∏¢‡∏á,0,0,0,0,0,0,0,0,0,0,0,1,0,0,0,0,0,0,0,0,0,0,1,0,0.0,0.0,0.0,0.0,0.0,0.0,0.0,0.0,0.0,0.0,0.0,0.0,0.0,0.0,0.0,0.0,0.0,0.0,0.0,0.0,0.0,0.0,1.0,0.0,0.0,0.0,0.0,0.0,0.0,0.0,0.0,0.0,0.0,0.0,0.0,0.0,0.0,0.0,0.0,0.0,0.0,0.0,0.0,0.0,0.0,0.0,0.0,0.0,0.0,360,504.5522
904,‡∏™‡∏∏‡∏ô‡∏±‡∏Ç‡∏à‡∏£‡∏à‡∏±‡∏î,0,0,0,0,0,0,0,0,0,0,0,0,0,0,0,0,0,0,1,0,0,0,0,0,0.0,0.0,0.0,0.0,0.0,1.0,0.0,0.0,0.0,0.0,0.0,0.0,0.0,0.0,0.0,0.0,0.0,0.0,0.0,0.0,0.0,0.0,0.0,0.0,0.0,0.0,0.0,0.0,0.0,0.0,0.0,0.0,0.0,0.0,0.0,0.0,0.0,0.0,0.0,0.0,0.0,0.0,0.0,0.0,0.0,0.0,0.0,0.0,0.0,278,136.41827
914,1 . ‡πÅ‡∏à‡πâ‡∏á ‡∏õ‡∏±‡∏ç‡∏´‡∏≤ ‡∏™‡∏∏‡∏ô‡∏±‡∏Ç‡∏à‡∏£‡∏à‡∏±‡∏î 30 - 40 ‡∏ï‡∏±‡∏ß ‡∏™‡∏£‡πâ‡∏≤‡∏á ‡∏Ñ‡∏ß‡∏≤‡∏°‡πÄ‡∏î‡∏∑‡∏≠‡∏î‡∏£‡πâ‡∏≠‡∏ô ‡πÄ‡∏™‡∏µ‡∏¢‡∏á ‡πÄ‡∏´‡πà‡∏≤ ‡πÄ‡∏ß‡∏É‡∏≤ ‡∏Å‡∏•‡∏≤‡∏á‡∏ß‡∏±‡∏ô ‡∏Å‡∏•‡∏≤‡∏á‡∏Ñ‡∏∑‡∏ô ‡∏°‡∏π‡∏• ‡∏™‡∏∏‡∏ô‡∏±‡∏Ç ‡∏à‡∏≥‡∏ô‡∏ß‡∏ô‡∏°‡∏≤‡∏Å ‡∏™‡∏£‡πâ‡∏≤‡∏á ‡∏™‡∏Å‡∏õ‡∏£‡∏Å ‡∏Å‡∏•‡∏¥‡πà‡∏ô ‡πÄ‡∏´‡∏°‡πá‡∏ô ‡∏Ñ‡∏ß‡∏≤‡∏°‡∏õ‡∏•‡∏≠‡∏î‡∏†‡∏±‡∏¢ ‡∏™‡∏≥‡∏´‡∏£‡∏±‡∏ö ‡∏Ñ‡∏ô‡∏ó‡∏µ ‡∏≤ ‡πÄ‡∏î‡∏¥‡∏ô‡∏ú‡πà‡∏≤‡∏ô ‡∏ö‡∏£‡∏¥‡πÄ‡∏ß‡∏ì ‡∏™‡∏∏‡∏ô‡∏±‡∏Ç ‡∏î‡∏∏ ‡∏à‡∏≥‡∏ô‡∏ß‡∏ô‡∏°‡∏≤‡∏Å ‡∏ö‡∏£‡∏¥‡πÄ‡∏ß‡∏ì ‡∏ã‡∏≠‡∏¢ ‡πÄ‡∏¢‡πá‡∏ô ‡∏™‡∏ß‡∏ô‡∏™‡∏∏‡∏Ç‡∏†‡∏≤‡∏û ‡πÄ‡∏¢‡πá‡∏ô ‡πÄ‡∏õ‡πá‡∏ô‡∏™‡∏∏‡∏Ç ‡πÄ‡∏Ç‡∏ï ‡∏•‡∏≤‡∏î‡∏û‡∏£‡πâ‡∏≤‡∏ß,0,0,0,0,0,0,0,0,0,0,0,0,0,0,0,0,0,0,1,0,0,0,0,0,0.0,0.0,0.0,0.0,0.0,0.0,0.0,0.0,0.0,0.0,0.0,0.0,0.0,0.0,0.0,0.0,0.0,0.0,0.0,0.0,0.0,0.0,0.0,0.0,0.0,0.0,0.0,0.0,0.0,0.0,0.0,0.0,0.0,0.0,0.0,0.0,0.0,1.0,0.0,0.0,0.0,0.0,0.0,0.0,0.0,0.0,0.0,0.0,0.0,59,249.6759
917,‡πÄ‡∏™‡∏ô‡∏≠ ‡∏ï‡∏¥‡∏î‡∏ï‡∏±‡πâ‡∏á ‡πÇ‡∏Ñ‡∏°‡πÑ‡∏ü ‡∏™‡πà‡∏≠‡∏á‡∏™‡∏ß‡πà‡∏≤‡∏á ‡∏ñ‡∏ô‡∏ô ‡∏®‡∏£‡∏µ‡∏≠‡∏¢‡∏∏‡∏ò‡∏¢‡∏≤ ( ‡∏û‡∏∑‡πâ‡∏ô‡∏ó‡∏µ‡πà ‡πÄ‡∏Ç‡∏ï ‡∏£‡∏≤‡∏ä ‡πÄ‡∏ó‡∏ß‡∏µ ) ‡∏ó‡∏î‡πÅ‡∏ó‡∏ô ‡πÇ‡∏Ñ‡∏°‡πÑ‡∏ü ‡πÄ‡∏î‡∏¥‡∏° ‡∏ï‡∏¥‡∏î‡∏ï‡∏±‡πâ‡∏á ‡πÄ‡∏™‡∏≤‡πÑ‡∏ü‡∏ü‡πâ‡∏≤ ‡∏£‡∏∑‡πâ‡∏≠‡∏ñ‡∏≠‡∏ô ‡πÄ‡∏™‡∏≤‡πÑ‡∏ü‡∏ü‡πâ‡∏≤ ‡πÇ‡∏Ñ‡∏£‡∏á ‡∏Å‡∏≤‡∏£‡∏ô‡∏≥ ‡∏™‡∏≤‡∏¢‡πÑ‡∏ü ‡πÉ‡∏ï‡πâ‡∏î‡∏¥‡∏ô ‡∏õ‡∏µ ‡∏û.‡∏®. 2561 ‡∏™‡πà‡∏á‡∏ú‡∏• ‡∏ñ‡∏ô‡∏ô ‡∏à‡∏≥‡∏ô‡∏ß‡∏ô 2 ‡πÑ‡∏ü ‡∏™‡πà‡∏≠‡∏á‡∏™‡∏ß‡πà‡∏≤‡∏á ‡πÄ‡∏ß‡∏•‡∏≤ ‡∏Å‡∏•‡∏≤‡∏á‡∏Ñ‡∏∑‡∏ô ‡∏ñ‡∏ô‡∏ô ‡∏ö‡∏≤‡∏ó‡∏ß‡∏¥‡∏ñ‡∏µ ‡∏°‡∏∑‡∏î ‡∏™‡∏•‡∏±‡∏ß ‡πÅ‡∏™‡∏á‡∏™‡∏ß‡πà‡∏≤‡∏á ‡∏Å‡πà‡∏≠‡πÉ‡∏´‡πâ‡πÄ‡∏Å‡∏¥‡∏î ‡∏≠‡∏∏‡∏ö‡∏±‡∏ï‡∏¥‡πÄ‡∏´‡∏ï‡∏∏ ‡∏õ‡∏±‡∏ç‡∏´‡∏≤ ‡∏≠‡∏≤‡∏ä‡∏ç‡∏≤‡∏Å‡∏£‡∏£‡∏° ‡∏ï‡∏≤‡∏°‡∏°‡∏≤ 1 . ‡∏ñ‡∏ô‡∏ô ‡∏®‡∏£‡∏µ‡∏≠‡∏¢‡∏∏‡∏ò‡∏¢‡∏≤ ‡∏ù‡∏±‡πà‡∏á ‡∏Ç‡∏≤‡∏≠‡∏≠‡∏Å ‡πÅ‡∏¢‡∏Å ‡∏û‡∏ç‡∏≤‡πÑ‡∏ó ‡∏´‡∏ô‡πâ‡∏≤ ‡∏≠‡∏≤‡∏Ñ‡∏≤‡∏£ ‡∏ß‡∏£‡∏£‡∏ì ‡∏™‡∏£‡∏ì‡πå ‚Äì ‡πÇ‡∏£‡∏á‡πÅ‡∏£‡∏° ‡πÄ‡∏î‡∏≠‡∏∞ ‡∏™‡∏∏ ‡πÇ‡∏Å‡∏®‡∏• - ‡∏≠‡∏≤‡∏Ñ‡∏≤‡∏£ ‡∏≠‡∏≤ ‡∏¢‡∏¥‡πÇ‡∏ô‡∏∞‡πÇ‡∏°‡∏∞‡πÇ‡∏ï‡∏∞ 2 . ‡∏ñ‡∏ô‡∏ô ‡∏®‡∏£‡∏µ‡∏≠‡∏¢‡∏∏‡∏ò‡∏¢‡∏≤ ‡∏ù‡∏±‡πà‡∏á ‡∏Ç‡∏≤‡πÄ‡∏Ç‡πâ‡∏≤ ‡πÇ‡∏ä‡∏ß‡πå‡∏£‡∏π‡∏° ‡∏£‡∏ñ‡∏¢‡∏ô‡∏ï‡πå ‡∏Æ‡∏≠‡∏ô‡∏î‡πâ‡∏≤ ( ‡∏Æ‡∏≠‡∏ô‡∏î‡πâ‡∏≤ ‡∏≠‡∏≠ ‡πÇ‡∏° ‡∏ö‡∏¥‡∏• ) ‚Äì ‡πÅ‡∏¢‡∏Å ‡∏û‡∏ç‡∏≤‡πÑ‡∏ó,0,0,0,0,0,0,0,0,0,1,0,0,0,0,0,0,0,0,0,1,0,0,0,1,0.0,0.0,0.0,0.0,0.0,0.0,0.0,0.0,0.0,0.0,0.0,0.0,0.0,0.0,0.0,0.0,0.0,0.0,0.0,0.0,0.0,0.0,0.0,0.0,0.0,0.0,0.0,0.0,0.0,0.0,0.0,0.0,0.0,0.0,1.0,0.0,0.0,0.0,0.0,0.0,0.0,0.0,0.0,0.0,0.0,0.0,0.0,0.0,0.0,126,492.5687
920,‡∏ö‡∏£‡∏¥‡πÄ‡∏ß‡∏ì ‡πÅ‡∏™‡∏á‡πÑ‡∏ü ‡∏ï‡∏¥‡∏î‡πÜ ‡∏î‡∏±‡∏ö ‡∏ü‡∏∏‡∏ï‡∏ö‡∏≤‡∏ó ‡πÅ‡∏Ñ‡∏ö ‡∏Ç‡πâ‡∏≤‡∏á‡∏ó‡∏≤‡∏á ‡∏ó‡∏∏‡πà‡∏á ‡∏°‡∏∑‡∏î ‡πÄ‡∏õ‡∏•‡∏µ‡πà‡∏¢‡∏ß ‡∏û‡∏£‡∏∞‡∏≠‡∏≤‡∏ó‡∏¥‡∏ï‡∏¢‡πå ‡∏ï‡∏Å ‡∏Ñ‡∏ô ‡πÄ‡∏î‡∏¥‡∏ô ‡∏™‡∏±‡∏ç‡∏à‡∏£ ‡∏£‡∏ñ ‡∏Ç‡∏±‡∏ö ‡∏Ñ‡∏ß‡∏≤‡∏°‡πÄ‡∏£‡πá‡∏ß ‡∏ü‡∏∏‡∏ï‡∏ö‡∏≤‡∏ó ‡∏°‡∏∑‡∏î ‡∏•‡∏á‡∏°‡∏≤ ‡πÄ‡∏î‡∏¥‡∏ô ‡∏ñ‡∏ô‡∏ô ‡πÄ‡∏™‡∏µ‡πà‡∏¢‡∏á ‡∏£‡∏ñ ‡πÄ‡∏â‡∏µ‡πà‡∏¢‡∏ß ‡∏ä‡∏ô,0,0,0,0,0,0,0,0,0,1,1,0,0,0,0,0,0,0,0,0,0,0,0,1,0.0,0.0,0.0,0.0,0.0,0.0,0.0,0.0,0.0,0.0,0.0,0.0,0.0,0.0,0.0,0.0,0.0,0.0,0.0,0.0,0.0,0.0,0.0,0.0,0.0,0.0,0.0,0.0,0.0,0.0,0.0,0.0,0.0,0.0,0.0,0.0,0.0,0.0,0.0,0.0,0.0,1.0,0.0,0.0,0.0,0.0,0.0,0.0,0.0,467,79.23158
934,1 ‡∏Ç‡∏≤‡∏¢‡∏Ç‡∏≠‡∏á ‡∏ó‡∏≤‡∏á‡πÄ‡∏ó‡πâ‡∏≤ ‡πÅ‡∏ú‡∏á ‡∏£‡πâ‡∏≤‡∏ô ‡∏ñ‡∏≤‡∏ß‡∏£ ‡∏û‡∏∑‡πâ‡∏ô‡∏ó‡∏µ‡πà ‡∏™‡∏±‡∏ç‡∏à‡∏£ ‡∏ó‡∏≤‡∏á‡πÄ‡∏ó‡πâ‡∏≤,0,0,0,0,0,0,0,0,0,0,1,0,0,0,0,0,0,0,0,0,0,0,0,0,0.0,0.0,0.0,0.0,0.0,0.0,0.0,0.0,0.0,0.0,0.0,0.0,0.0,0.0,0.0,1.0,0.0,0.0,0.0,0.0,0.0,0.0,0.0,0.0,0.0,0.0,0.0,0.0,0.0,0.0,0.0,0.0,0.0,0.0,0.0,0.0,0.0,0.0,0.0,0.0,0.0,0.0,0.0,0.0,0.0,0.0,0.0,0.0,0.0,260,630.04535
935,‡∏£‡∏ñ ‡∏ä‡∏≠‡∏ö ‡∏à‡∏≠‡∏î ‡∏ó‡∏≤‡∏á‡πÄ‡∏ó‡πâ‡∏≤ + ‡∏Ç‡∏±‡∏ö ‡∏ó‡∏≤‡∏á‡πÄ‡∏ó‡πâ‡∏≤,0,0,0,0,0,0,0,0,0,0,1,0,0,0,0,0,0,0,0,0,0,0,0,0,0.0,0.0,0.0,0.0,0.0,0.0,0.0,0.0,0.0,0.0,0.0,0.0,0.0,0.0,0.0,0.0,0.0,0.0,0.0,0.0,0.0,0.0,0.0,0.0,0.0,0.0,0.0,0.0,0.0,0.0,1.0,0.0,0.0,0.0,0.0,0.0,0.0,0.0,0.0,0.0,0.0,0.0,0.0,0.0,0.0,0.0,0.0,0.0,0.0,237,630.04535
941,‡∏õ‡∏±‡∏ç‡∏´‡∏≤ ‡∏£‡∏ñ‡∏ï‡∏¥‡∏î ‡∏ö‡∏£‡∏¥‡πÄ‡∏ß‡∏ì ‡πÅ‡∏¢‡∏Å ‡∏™‡∏≥‡∏ô‡∏±‡∏Å‡∏á‡∏≤‡∏ô‡πÄ‡∏Ç‡∏ï ‡∏´‡∏ô‡∏≠‡∏á ‡∏à‡∏≠‡∏Å ‡∏ã‡∏≠‡∏¢ ‡πÉ‡∏Å‡∏•‡πâ‡πÄ‡∏Ñ‡∏µ‡∏¢‡∏á ‡∏Ñ‡∏ô ‡∏ä‡∏≠‡∏ö ‡∏à‡∏≠‡∏î ‡∏£‡∏ñ ‡∏ã‡∏∑‡πâ‡∏≠ ‡∏´‡∏ô‡πâ‡∏≤ ‡∏£‡πâ‡∏≤‡∏ô‡∏Ñ‡πâ‡∏≤ ‡∏ó‡∏≤‡∏á‡πÄ‡∏Ç‡πâ‡∏≤ ‡∏ã‡∏≠‡∏¢ ‡πÄ‡∏•‡∏ô ‡∏™‡∏≥‡∏´‡∏£‡∏±‡∏ö ‡πÄ‡∏•‡∏µ‡πâ‡∏¢‡∏ß‡∏ã‡πâ‡∏≤‡∏¢ ‡πÅ‡∏¢‡∏Å ‡πÑ‡∏ü‡πÅ‡∏î‡∏á ‡∏ö‡∏£‡∏¥‡πÄ‡∏ß‡∏ì ‡∏´‡πà‡∏≤‡∏á ‡πÅ‡∏¢‡∏Å 50 ‡πÄ‡∏°‡∏ï‡∏£ ‡∏™‡πà‡∏á‡∏ú‡∏• ‡∏Å‡∏≤‡∏£‡∏à‡∏£‡∏≤‡∏à‡∏£ ‡∏Ñ‡∏±‡∏ö‡∏Ñ‡∏±‡πà‡∏á ‡πÄ‡∏õ‡πá‡∏ô‡∏õ‡∏£‡∏∞‡∏à‡∏≥ # ‡∏´‡∏ô‡∏≠‡∏á ‡∏à‡∏≠‡∏Å # ‡∏£‡∏ñ‡∏ï‡∏¥‡∏î # ‡∏à‡∏£‡∏≤‡∏à‡∏£,0,0,0,0,0,0,0,1,0,0,0,0,0,0,0,0,0,0,0,0,0,0,0,0,0.0,0.0,0.0,0.0,0.0,0.0,0.0,0.0,0.0,0.0,0.0,0.0,0.0,0.0,0.0,0.0,0.0,0.0,0.0,0.0,0.0,0.0,0.0,0.0,0.0,0.0,0.0,0.0,0.0,0.0,0.0,0.0,0.0,0.0,0.0,0.0,0.0,0.0,0.0,0.0,0.0,0.0,0.0,0.0,0.0,1.0,0.0,0.0,0.0,1835,630.04535
945,‡∏õ‡∏±‡∏ç‡∏´‡∏≤ ‡∏û‡∏∑‡πâ‡∏ô‡∏ó‡∏µ‡πà ‡∏ú‡∏° ‡∏£‡∏ñ ‡∏Ç‡∏¢‡∏∞ ‡πÄ‡∏•‡∏∑‡∏≠‡∏Å ‡∏Ç‡∏¢‡∏∞ ‡∏´‡∏ô‡πâ‡∏≤‡∏ö‡πâ‡∏≤‡∏ô ‡∏ú‡∏°,0,0,0,0,0,0,1,0,0,0,0,0,0,0,0,0,0,0,0,0,0,0,0,0,0.0,0.0,0.0,0.0,0.0,0.0,0.0,0.0,0.0,0.0,0.0,0.0,0.0,0.0,0.0,0.0,0.0,0.0,0.0,0.0,0.0,0.0,0.0,1.0,0.0,0.0,0.0,0.0,0.0,0.0,0.0,0.0,0.0,0.0,0.0,0.0,0.0,0.0,0.0,0.0,0.0,0.0,0.0,0.0,0.0,0.0,0.0,0.0,0.0,1139,271.7131
951,‡∏Ñ‡∏ô‡∏≠‡∏∑‡πà‡∏ô ‡∏à‡∏≠‡∏î ‡∏£‡∏ñ ‡∏´‡∏ô‡πâ‡∏≤‡∏ö‡πâ‡∏≤‡∏ô ‡∏ó‡∏¥‡πâ‡∏á ‡∏Ç‡∏¢‡∏∞ ‡∏´‡∏ô‡πâ‡∏≤‡∏ö‡πâ‡∏≤‡∏ô ‡∏ñ‡∏±‡∏á‡∏Ç‡∏¢‡∏∞ ‡πÄ‡∏à‡πâ‡∏≤‡∏´‡∏ô‡πâ‡∏≤‡∏ó‡∏µ‡πà ‡πÄ‡∏Å‡πá‡∏ö‡∏Å‡∏ß‡∏≤‡∏î,0,0,0,0,0,0,1,0,0,0,0,0,0,0,0,0,0,0,0,0,0,0,0,0,0.0,0.0,0.0,0.0,0.0,0.0,0.0,0.0,0.0,0.0,0.0,0.0,0.0,0.0,0.0,0.0,1.0,0.0,0.0,0.0,0.0,0.0,0.0,0.0,0.0,0.0,0.0,0.0,0.0,0.0,0.0,0.0,0.0,0.0,0.0,0.0,0.0,0.0,0.0,0.0,0.0,0.0,0.0,0.0,0.0,0.0,0.0,0.0,0.0,728,108.58407
956,‡∏ó‡∏≤‡∏á‡πÄ‡∏ó‡πâ‡∏≤ ‡∏ï‡∏•‡∏≤‡∏î ‡∏î‡∏¥‡∏ô‡πÅ‡∏î‡∏á ‡∏ï‡∏£‡∏á‡∏Ç‡πâ‡∏≤‡∏° ‡∏õ‡∏õ‡∏™,0,0,0,0,0,0,0,0,0,0,1,0,0,0,0,0,0,0,0,0,0,0,0,0,0.0,0.0,0.0,0.0,0.0,0.0,1.0,0.0,0.0,0.0,0.0,0.0,0.0,0.0,0.0,0.0,0.0,0.0,0.0,0.0,0.0,0.0,0.0,0.0,0.0,0.0,0.0,0.0,0.0,0.0,0.0,0.0,0.0,0.0,0.0,0.0,0.0,0.0,0.0,0.0,0.0,0.0,0.0,0.0,0.0,0.0,0.0,0.0,0.0,412,1281.2139
982,‡∏ñ‡∏ô‡∏ô ‡∏û‡∏∏‡∏ó‡∏ò ‡∏°‡∏• ‡∏ë‡∏• ‡∏™‡∏≤‡∏¢ 2 ‡∏´‡πâ‡∏≤‡∏° ‡∏à‡∏≠‡∏î 24 ‡∏ä‡∏°. ‡∏£‡∏ñ ‡∏à‡∏≠‡∏î ‡∏ä‡πà‡∏≠‡∏á‡∏ó‡∏≤‡∏á ‡∏ó‡∏≥‡πÄ‡∏á‡∏¥‡∏ô ‡∏ï‡∏£. ‡∏ñ‡∏ô‡∏ô ‡∏´‡∏•‡∏±‡∏Å ‡πÄ‡∏ß‡∏•‡∏≤ ‡∏à‡∏≠‡∏î ( ‡∏Ç‡∏ô‡∏≤‡∏î ‡∏ñ‡∏ô‡∏ô ‡πÄ‡∏û‡∏ä‡∏£‡πÄ‡∏Å‡∏©‡∏° ‡∏ñ‡∏ô‡∏ô ‡∏´‡∏•‡∏±‡∏Å ‡∏¢‡∏±‡∏á‡∏°‡∏µ ‡πÄ‡∏ß‡∏•‡∏≤ ‡∏à‡∏≠‡∏î ),0,0,0,0,0,0,0,0,0,1,0,0,0,0,0,0,0,0,0,0,0,0,0,0,0.0,0.0,0.0,0.0,0.0,0.0,0.0,0.0,0.0,0.0,0.0,0.0,0.0,0.0,0.0,0.0,0.0,0.0,0.0,0.0,0.0,0.0,0.0,1.0,0.0,0.0,0.0,0.0,0.0,0.0,0.0,0.0,0.0,0.0,0.0,0.0,0.0,0.0,0.0,0.0,0.0,0.0,0.0,0.0,0.0,0.0,0.0,0.0,0.0,1854,63.231102
987,‡πÄ‡∏Ç‡∏ï ‡∏Ñ‡∏•‡∏≠‡∏á ‡∏™‡∏≤‡∏°‡∏ß‡∏≤ ‡∏ñ‡∏ô‡∏ô ‡πÄ‡∏à‡∏£‡∏¥‡∏ç ‡∏û‡∏±‡∏í‡∏ô‡∏≤ ‡∏ñ‡∏ô‡∏ô ‡∏™‡∏∏‡πÄ‡∏´‡∏£‡πà‡∏≤ ‡∏Ñ‡∏•‡∏≠‡∏á 1 ‡∏°‡∏µ‡∏õ‡∏±‡∏ç‡∏´‡∏≤ ‡πÅ‡∏£‡∏á‡∏á‡∏≤‡∏ô ‡∏Å‡∏µ‡∏ö ‡∏´‡∏°‡∏π ‡∏Ñ‡∏ô‡∏á‡∏≤‡∏ô ‡∏û‡∏±‡∏ô ‡∏Ñ‡∏ô ‡∏£‡∏ß‡∏°‡∏ï‡∏±‡∏ß‡∏Å‡∏±‡∏ô ‡∏°‡∏µ‡∏õ‡∏±‡∏ç‡∏´‡∏≤ ‡∏£‡∏ñ‡∏ï‡∏¥‡∏î ‡πÄ‡∏ô‡∏∑‡πà‡∏≠‡∏á ‡∏ï‡∏•‡∏≤‡∏î ‡∏Ç‡∏≤‡∏¢‡∏Ç‡∏≠‡∏á 2 ‡∏£‡∏¥‡∏°‡∏ù‡∏±‡πà‡∏á ‡∏ñ‡∏ô‡∏ô ‡∏ô‡∏≤‡∏¢‡∏à‡πâ‡∏≤‡∏á - ‡πÅ‡∏£‡∏á‡∏á‡∏≤‡∏ô ‡∏à‡∏≠‡∏î ‡∏£‡∏ñ ‡∏Ç‡πâ‡∏≤‡∏á‡∏ó‡∏≤‡∏á ‡∏™‡∏†‡∏≤‡∏û‡πÅ‡∏ß‡∏î‡∏•‡πâ‡∏≠‡∏° ‡πÄ‡∏™‡∏∑‡πà‡∏≠‡∏°‡πÇ‡∏ó‡∏£‡∏° ‡∏ñ‡∏ô‡∏ô ‡πÄ‡∏à‡∏£‡∏¥‡∏ç ‡∏û‡∏±‡∏í‡∏ô‡∏≤ ‡∏à‡∏±‡∏î‡πÅ‡∏™‡∏î‡∏á ‡∏î‡∏ô‡∏ï‡∏£‡∏µ ‡πÄ‡∏Ç‡∏ï‡∏ä‡∏∏‡∏°‡∏ä‡∏ô ‡πÄ‡∏™‡∏µ‡∏¢‡∏á‡∏î‡∏±‡∏á ‡πÄ‡∏ß‡∏•‡∏≤ ‡∏£‡πâ‡∏≠‡∏á‡πÄ‡∏£‡∏µ‡∏¢‡∏ô ‡πÅ‡∏à‡πâ‡∏á ‡πÄ‡∏Ç‡∏ï 1 ‡πÅ‡∏Å‡πâ‡πÑ‡∏Ç‡∏õ‡∏±‡∏ç‡∏´‡∏≤,0,0,0,0,1,0,0,1,0,1,0,0,0,0,0,0,0,0,0,0,0,0,1,0,1.0,0.0,0.0,0.0,0.0,0.0,0.0,0.0,0.0,0.0,0.0,0.0,0.0,0.0,0.0,0.0,0.0,0.0,0.0,0.0,0.0,0.0,0.0,0.0,0.0,0.0,0.0,0.0,0.0,0.0,0.0,0.0,0.0,0.0,0.0,0.0,0.0,0.0,0.0,0.0,0.0,0.0,0.0,0.0,0.0,0.0,0.0,0.0,0.0,349,350.74097
994,‡∏ó‡∏¥‡πâ‡∏á ‡∏Ç‡∏¢‡∏∞ ‡∏ñ‡∏ô‡∏ô ‡∏Å‡∏≤‡∏ç‡∏à‡∏ô‡∏≤‡∏†‡∏¥‡πÄ‡∏©‡∏Å ‡πÄ‡∏Ç‡∏ï ‡∏õ‡∏£‡∏∞‡πÄ‡∏ß‡∏® ‡∏´‡∏ô‡πâ‡∏≤ ‡∏´‡∏°‡∏π‡πà‡∏ö‡πâ‡∏≤‡∏ô ‡∏°‡∏±‡∏ì‡∏ë‡∏ô‡∏≤ 5,0,0,0,0,0,0,0,0,0,1,0,0,0,0,0,0,0,0,0,0,0,0,0,0,0.0,0.0,0.0,0.0,0.0,0.0,0.0,0.0,0.0,0.0,0.0,0.0,0.0,0.0,0.0,0.0,0.0,0.0,0.0,0.0,0.0,0.0,0.0,0.0,0.0,0.0,1.0,0.0,0.0,0.0,0.0,0.0,0.0,0.0,0.0,0.0,0.0,0.0,0.0,0.0,0.0,0.0,0.0,0.0,0.0,0.0,0.0,0.0,0.0,249,267.33075
996,‡∏£‡∏ö‡∏Å‡∏ß‡∏ô ‡∏ï‡∏£‡∏ß‡∏à‡∏™‡∏≠‡∏ö ‡∏ü‡∏∏‡∏ï‡∏ö‡∏≤‡∏ó ‡∏´‡∏ô‡πâ‡∏≤ ‡πÄ‡∏ã‡πÄ‡∏ß‡πà‡∏ô ‡∏õ‡∏≤‡∏Å‡∏ã‡∏≠‡∏¢ ‡πÄ‡∏û‡∏ä‡∏£‡πÄ‡∏Å‡∏©‡∏° 42 ( ‡πÄ‡∏û‡∏ä‡∏£‡πÄ‡∏Å‡∏©‡∏° ‡πÄ‡∏™‡πâ‡∏ô ‡∏£‡∏ñ‡πÑ‡∏ü‡∏ü‡πâ‡∏≤ ‡∏ö‡∏≤‡∏á‡∏´‡∏ß‡πâ‡∏≤ ‡πÄ‡∏î‡∏≠‡∏∞ ‡∏°‡∏≠‡∏•‡∏•‡πå ‡∏ö‡∏≤‡∏á‡πÅ‡∏Ñ ) ‡∏°‡∏≠‡πÄ‡∏ï‡∏≠‡∏£‡πå ‡πÑ‡∏ã ‡∏î‡πå ‡∏ß‡∏¥ ‡∏£‡∏á ‡∏ü‡∏∏‡∏ï‡∏ö‡∏≤‡∏ó ‡πÇ‡∏î‡∏¢‡πÄ‡∏â‡∏û‡∏≤‡∏∞ ‡∏ï‡∏≠‡∏ô‡πÄ‡∏ä‡πâ‡∏≤ ‡πÄ‡∏¢‡πá‡∏ô ‡πÄ‡∏î‡∏¥‡∏ô ‡πÅ‡∏ó‡∏ö ‡∏Ñ‡∏≠‡∏¢ ‡∏´‡∏•‡∏ö ‡∏£‡∏ñ ‡∏ö‡∏µ‡∏ö‡πÅ‡∏ï‡∏£ ‡πÑ‡∏•‡πà ‡∏Ñ‡∏∑‡∏ô ‡∏ó‡∏≤‡∏á‡πÄ‡∏ó‡πâ‡∏≤ ‡∏Ñ‡∏ô ‡πÄ‡∏î‡∏¥‡∏ô,0,0,0,0,0,0,0,0,0,0,1,0,0,0,0,0,0,0,0,0,0,0,0,0,0.0,0.0,0.0,0.0,0.0,0.0,0.0,0.0,0.0,0.0,0.0,0.0,0.0,0.0,0.0,0.0,0.0,0.0,0.0,0.0,0.0,0.0,0.0,0.0,0.0,0.0,0.0,0.0,0.0,0.0,0.0,1.0,0.0,0.0,0.0,0.0,0.0,0.0,0.0,0.0,0.0,0.0,0.0,0.0,0.0,0.0,0.0,0.0,0.0,445,269.0438
